distance_m,az_deg,el_deg,mode,max_sidelobe_db,dbc,dbc_improvement_db,gain_loss_db,dbc_gain_margin_db,p99_sidelobe_db,p99_dbc,p99_dbc_improvement_db,p99_dbc_gain_margin_db,p95_sidelobe_db,target_gain_delta_db,mean_amp,min_amp,max_amp
0.5,-29.999999999999996,0.0,uniform,-11.256452,11.256452,0.000000,0.000000,0.000000,-13.048827,13.048827,0.000000,0.000000,-15.340809,0.000000,1.000000,1.000000,1.000000
0.5,-29.999999999999996,0.0,unit_cosine,-9.789519,9.789519,-1.466934,6.396012,-7.862946,-12.447499,12.447499,-0.601327,-6.997339,-15.681092,-6.396012,0.677604,0.206939,0.985518
0.5,-29.999999999999996,0.0,unit_cosine_hamming,-5.461908,5.461908,-5.794544,16.576129,-22.370673,-5.832558,5.832558,-7.216268,-23.792398,-9.458159,-16.576129,0.210060,0.016555,0.985518
0.5,-29.999999999999996,0.0,optimized_dbc_margin,-13.825159,13.825159,2.568706,2.585499,-0.016792,-15.166195,15.166195,2.117369,-0.468130,-17.537277,-2.585499,0.754859,0.000000,1.000000
0.5,-29.999999999999996,0.0,optimized_table,-13.012277,13.012277,1.755824,6.020612,-4.264787,-14.639290,14.639290,1.590463,-4.430149,-17.801822,-6.020612,0.546474,0.000000,1.000000
0.5,-29.999999999999996,0.0,optimized_aggressive,-11.712967,11.712967,0.456515,12.041199,-11.584684,-14.506146,14.506146,1.457319,-10.583879,-17.692905,-12.041199,0.333443,0.000000,1.000000
0.5,-25.0,0.0,uniform,-11.667996,11.667996,0.000000,0.000000,0.000000,-12.795832,12.795832,0.000000,0.000000,-15.155124,0.000000,1.000000,1.000000,1.000000
0.5,-25.0,0.0,unit_cosine,-10.186396,10.186396,-1.481600,4.899175,-6.380775,-11.676572,11.676572,-1.119260,-6.018434,-15.716721,-4.899175,0.706905,0.249431,0.998383
0.5,-25.0,0.0,unit_cosine_hamming,-5.520479,5.520479,-6.147518,15.048392,-21.195910,-5.828726,5.828726,-6.967106,-22.015498,-9.595875,-15.048392,0.219143,0.019954,0.998383
0.5,-25.0,0.0,optimized_dbc_margin,-13.106087,13.106087,1.438090,2.356921,-0.918831,-15.278108,15.278108,2.482276,0.125355,-17.320520,-2.356921,0.782507,0.000000,1.000000
0.5,-25.0,0.0,optimized_table,-13.896502,13.896502,2.228506,6.020602,-3.792096,-14.563034,14.563034,1.767203,-4.253399,-17.977090,-6.020602,0.577917,0.000000,1.000000
0.5,-25.0,0.0,optimized_aggressive,-13.036741,13.036741,1.368745,12.041205,-10.672460,-14.701472,14.701472,1.905640,-10.135565,-18.628255,-12.041205,0.344158,0.000000,1.000000
0.5,-20.0,0.0,uniform,-11.176398,11.176398,0.000000,0.000000,0.000000,-12.889643,12.889643,0.000000,0.000000,-15.160673,0.000000,1.000000,1.000000,1.000000
0.5,-20.0,0.0,unit_cosine,-10.355588,10.355588,-0.820811,3.618960,-4.439771,-12.034972,12.034972,-0.854672,-4.473632,-15.595304,-3.618960,0.732199,0.301815,0.998383
0.5,-20.0,0.0,unit_cosine_hamming,-5.594563,5.594563,-5.581836,13.764280,-19.346115,-6.238634,6.238634,-6.651009,-20.415289,-9.439725,-13.764280,0.226984,0.024145,0.998383
0.5,-20.0,0.0,optimized_dbc_margin,-12.881229,12.881229,1.704831,1.972188,-0.267357,-15.568548,15.568548,2.678904,0.706716,-16.985202,-1.972188,0.814208,0.000000,1.000000
0.5,-20.0,0.0,optimized_table,-13.544101,13.544101,2.367703,6.020601,-3.652899,-15.103146,15.103146,2.213503,-3.807099,-17.873188,-6.020601,0.565063,0.000000,1.000000
0.5,-20.0,0.0,optimized_aggressive,-14.061356,14.061356,2.884957,12.041199,-9.156242,-15.213851,15.213851,2.324207,-9.716992,-18.337956,-12.041199,0.339157,0.000000,1.000000
0.5,-14.999999999999998,0.0,uniform,-10.792313,10.792313,0.000000,0.000000,0.000000,-11.948552,11.948552,0.000000,0.000000,-14.755781,0.000000,1.000000,1.000000,1.000000
0.5,-14.999999999999998,0.0,unit_cosine,-10.450471,10.450471,-0.341842,2.569919,-2.911761,-11.895070,11.895070,-0.053482,-2.623401,-15.060019,-2.569919,0.752715,0.362500,0.985518
0.5,-14.999999999999998,0.0,unit_cosine_hamming,-5.518115,5.518115,-5.274198,12.712202,-17.986400,-6.348157,6.348157,-5.600395,-18.312597,-9.029704,-12.712202,0.233344,0.029000,0.985518
0.5,-14.999999999999998,0.0,optimized_dbc_margin,-12.439655,12.439655,1.647341,1.948121,-0.300779,-15.563325,15.563325,3.614773,1.666652,-16.589082,-1.948121,0.787886,0.000000,1.000000
0.5,-14.999999999999998,0.0,optimized_table,-13.147016,13.147016,2.354702,6.020599,-3.665896,-15.026211,15.026211,3.077659,-2.942940,-17.349113,-6.020599,0.551438,0.000000,1.000000
0.5,-14.999999999999998,0.0,optimized_aggressive,-13.432478,13.432478,2.640164,12.041201,-9.401037,-15.223302,15.223302,3.274750,-8.766451,-17.822875,-12.041201,0.326397,0.000000,1.000000
0.5,-10.0,0.0,uniform,-10.426554,10.426554,0.000000,0.000000,0.000000,-11.287537,11.287537,0.000000,0.000000,-14.501592,0.000000,1.000000,1.000000,1.000000
0.5,-10.0,0.0,unit_cosine,-10.512876,10.512876,0.086321,1.743566,-1.657245,-11.719868,11.719868,0.432331,-1.311235,-14.852483,-1.743566,0.767833,0.429641,0.974369
0.5,-10.0,0.0,unit_cosine_hamming,-5.475927,5.475927,-4.950628,11.905223,-16.855851,-6.466367,6.466367,-4.821170,-16.726393,-8.590552,-11.905223,0.238031,0.034371,0.974369
0.5,-10.0,0.0,optimized_dbc_margin,-11.944940,11.944940,1.518385,1.751896,-0.233511,-14.933495,14.933495,3.645958,1.894061,-16.122558,-1.751896,0.779393,0.000000,1.000000
0.5,-10.0,0.0,optimized_table,-12.752853,12.752853,2.326299,6.020600,-3.694301,-15.180390,15.180390,3.892853,-2.127748,-16.955126,-6.020600,0.498926,0.000000,1.000000
0.5,-10.0,0.0,optimized_aggressive,-12.906540,12.906540,2.479985,12.041198,-9.561213,-14.881565,14.881565,3.594028,-8.447170,-16.945400,-12.041198,0.287722,0.000000,0.999991
0.5,-5.0,0.0,uniform,-10.526567,10.526567,0.000000,0.000000,0.000000,-11.264766,11.264766,0.000000,0.000000,-14.139295,0.000000,1.000000,1.000000,1.000000
0.5,-5.0,0.0,unit_cosine,-10.821385,10.821385,0.294818,1.220223,-0.925405,-11.597954,11.597954,0.333188,-0.887035,-14.347571,-1.220223,0.777091,0.501200,0.993543
0.5,-5.0,0.0,unit_cosine_hamming,-5.488940,5.488940,-5.037626,11.365549,-16.403175,-6.881474,6.881474,-4.383292,-15.748840,-8.764734,-11.365549,0.240901,0.040096,0.993543
0.5,-5.0,0.0,optimized_dbc_margin,-12.076619,12.076619,1.550053,1.760299,-0.210246,-14.685730,14.685730,3.420964,1.660666,-16.126525,-1.760299,0.702906,0.000000,1.000000
0.5,-5.0,0.0,optimized_table,-12.850634,12.850634,2.324067,6.020601,-3.696533,-15.928386,15.928386,4.663620,-1.356981,-16.996275,-6.020601,0.456355,0.000000,0.999999
0.5,-5.0,0.0,optimized_aggressive,-12.716311,12.716311,2.189744,7.266692,-5.076948,-15.776503,15.776503,4.511737,-2.754955,-16.995910,-7.266692,0.394921,0.000000,0.999997
0.5,0.0,0.0,uniform,-10.614869,10.614869,0.000000,0.000000,0.000000,-11.470204,11.470204,0.000000,0.000000,-14.330678,0.000000,1.000000,1.000000,1.000000
0.5,0.0,0.0,unit_cosine,-10.893799,10.893799,0.278930,1.051341,-0.772411,-11.706227,11.706227,0.236023,-0.815318,-14.259535,-1.051341,0.780208,0.575000,1.000000
0.5,0.0,0.0,unit_cosine_hamming,-5.487152,5.487152,-5.127717,11.196482,-16.324199,-7.055458,7.055458,-4.414746,-15.611228,-8.615306,-11.196482,0.241867,0.046000,1.000000
0.5,0.0,0.0,optimized_dbc_margin,-12.775775,12.775775,2.160906,2.053371,0.107535,-14.789972,14.789972,3.319768,1.266397,-16.206909,-2.053371,0.685673,0.000000,1.000000
0.5,0.0,0.0,optimized_table,-12.703083,12.703083,2.088214,5.019687,-2.931474,-15.697766,15.697766,4.227562,-0.792126,-16.586201,-5.019687,0.499025,0.000000,1.000000
0.5,0.0,0.0,optimized_aggressive,-12.609843,12.609843,1.994974,5.084540,-3.089566,-15.759550,15.759550,4.289346,-0.795193,-16.629612,-5.084540,0.478727,0.000000,1.000000
0.5,5.0,0.0,uniform,-9.926503,9.926503,0.000000,0.000000,0.000000,-11.627672,11.627672,0.000000,0.000000,-14.447268,0.000000,1.000000,1.000000,1.000000
0.5,5.0,0.0,unit_cosine,-10.950673,10.950673,1.024169,1.220223,-0.196054,-11.672769,11.672769,0.045098,-1.175126,-14.319557,-1.220223,0.777091,0.501200,0.993543
0.5,5.0,0.0,unit_cosine_hamming,-5.491561,5.491561,-4.434942,11.365549,-15.800491,-6.882971,6.882971,-4.744701,-16.110250,-8.765753,-11.365549,0.240901,0.040096,0.993543
0.5,5.0,0.0,optimized_dbc_margin,-13.328421,13.328421,3.401917,2.023546,1.378372,-14.544663,14.544663,2.916991,0.893445,-16.131204,-2.023546,0.721699,0.000000,1.000000
0.5,5.0,0.0,optimized_table,-12.919671,12.919671,2.993168,6.020600,-3.027433,-16.176273,16.176273,4.548601,-1.471999,-17.151819,-6.020600,0.482288,0.000000,0.999995
0.5,5.0,0.0,optimized_aggressive,-12.839880,12.839880,2.913377,9.718776,-6.805399,-16.078389,16.078389,4.450718,-5.268059,-17.353546,-9.718776,0.345959,0.000000,1.000000
0.5,10.0,0.0,uniform,-9.776528,9.776528,0.000000,0.000000,0.000000,-11.606305,11.606305,0.000000,0.000000,-14.419342,0.000000,1.000000,1.000000,1.000000
0.5,10.0,0.0,unit_cosine,-10.868999,10.868999,1.092471,1.743566,-0.651096,-11.582631,11.582631,-0.023675,-1.767241,-14.379519,-1.743566,0.767833,0.429641,0.974369
0.5,10.0,0.0,unit_cosine_hamming,-5.480852,5.480852,-4.295676,11.905223,-16.200899,-6.468330,6.468330,-5.137976,-17.043199,-8.581807,-11.905223,0.238031,0.034371,0.974369
0.5,10.0,0.0,optimized_dbc_margin,-13.256834,13.256834,3.480305,2.079325,1.400980,-14.492282,14.492282,2.885976,0.806651,-15.910935,-2.079325,0.743277,0.000000,1.000000
0.5,10.0,0.0,optimized_table,-13.046560,13.046560,3.270032,6.020635,-2.750603,-15.914435,15.914435,4.308130,-1.712505,-17.056253,-6.020635,0.502780,0.000000,1.000000
0.5,10.0,0.0,optimized_aggressive,-12.944127,12.944127,3.167599,12.041199,-8.873600,-16.124287,16.124287,4.517982,-7.523217,-17.382700,-12.041199,0.282775,0.000000,1.000000
0.5,14.999999999999998,0.0,uniform,-10.519359,10.519359,0.000000,0.000000,0.000000,-11.904598,11.904598,0.000000,0.000000,-14.702837,0.000000,1.000000,1.000000,1.000000
0.5,14.999999999999998,0.0,unit_cosine,-11.073711,11.073711,0.554352,2.569919,-2.015567,-12.071806,12.071806,0.167208,-2.402711,-15.018263,-2.569919,0.752715,0.362500,0.985518
0.5,14.999999999999998,0.0,unit_cosine_hamming,-5.521997,5.521997,-4.997362,12.712202,-17.709564,-6.350625,6.350625,-5.553974,-18.266176,-9.030478,-12.712202,0.233344,0.029000,0.985518
0.5,14.999999999999998,0.0,optimized_dbc_margin,-13.703863,13.703863,3.184504,2.160604,1.023900,-15.183598,15.183598,3.279000,1.118396,-16.572807,-2.160604,0.775093,0.000000,1.000000
0.5,14.999999999999998,0.0,optimized_table,-13.192386,13.192386,2.673027,6.020610,-3.347583,-15.420813,15.420813,3.516214,-2.504396,-17.439840,-6.020610,0.533253,0.000000,1.000000
0.5,14.999999999999998,0.0,optimized_aggressive,-13.452015,13.452015,2.932656,12.041206,-9.108550,-15.726981,15.726981,3.822383,-8.218823,-17.925506,-12.041206,0.343812,0.000000,1.000000
0.5,20.0,0.0,uniform,-11.564856,11.564856,0.000000,0.000000,0.000000,-12.240040,12.240040,0.000000,0.000000,-15.076280,0.000000,1.000000,1.000000,1.000000
0.5,20.0,0.0,unit_cosine,-11.191476,11.191476,-0.373379,3.618960,-3.992339,-12.177824,12.177824,-0.062216,-3.681177,-15.353785,-3.618960,0.732199,0.301815,0.998383
0.5,20.0,0.0,unit_cosine_hamming,-5.598638,5.598638,-5.966218,13.764280,-19.730497,-6.240977,6.240977,-5.999063,-19.763343,-9.444988,-13.764280,0.226984,0.024145,0.998383
0.5,20.0,0.0,optimized_dbc_margin,-13.902229,13.902229,2.337374,2.374989,-0.037616,-15.438345,15.438345,3.198305,0.823316,-16.978184,-2.374989,0.778688,0.000000,1.000000
0.5,20.0,0.0,optimized_table,-13.598397,13.598397,2.033542,6.020606,-3.987064,-15.582923,15.582923,3.342884,-2.677722,-17.987594,-6.020606,0.569626,0.000000,1.000000
0.5,20.0,0.0,optimized_aggressive,-14.193313,14.193313,2.628457,12.041199,-9.412742,-15.418429,15.418429,3.178389,-8.862810,-18.588326,-12.041199,0.365273,0.000000,1.000000
0.5,25.0,0.0,uniform,-11.934053,11.934053,0.000000,0.000000,0.000000,-12.516168,12.516168,0.000000,0.000000,-15.403772,0.000000,1.000000,1.000000,1.000000
0.5,25.0,0.0,unit_cosine,-10.893214,10.893214,-1.040839,4.899175,-5.940013,-12.231196,12.231196,-0.284972,-5.184147,-15.453796,-4.899175,0.706905,0.249431,0.998383
0.5,25.0,0.0,unit_cosine_hamming,-5.520479,5.520479,-6.413574,15.048392,-21.461967,-5.831754,5.831754,-6.684414,-21.732807,-9.608418,-15.048392,0.219143,0.019954,0.998383
0.5,25.0,0.0,optimized_dbc_margin,-14.067898,14.067898,2.133845,2.586969,-0.453124,-14.995393,14.995393,2.479225,-0.107745,-17.198742,-2.586969,0.747255,0.000000,1.000000
0.5,25.0,0.0,optimized_table,-13.872635,13.872635,1.938582,6.020602,-4.082020,-15.308914,15.308914,2.792746,-3.227857,-18.163104,-6.020602,0.568370,0.000000,1.000000
0.5,25.0,0.0,optimized_aggressive,-12.486677,12.486677,0.552624,12.041200,-11.488575,-14.693018,14.693018,2.176849,-9.864350,-18.636171,-12.041200,0.348604,0.000000,1.000000
0.5,29.999999999999996,0.0,uniform,-12.080741,12.080741,0.000000,0.000000,0.000000,-13.017971,13.017971,0.000000,0.000000,-15.340450,0.000000,1.000000,1.000000,1.000000
0.5,29.999999999999996,0.0,unit_cosine,-10.980184,10.980184,-1.100557,6.396012,-7.496569,-12.367130,12.367130,-0.650842,-7.046854,-15.816290,-6.396012,0.677604,0.206939,0.985518
0.5,29.999999999999996,0.0,unit_cosine_hamming,-5.461908,5.461908,-6.618832,16.576129,-23.194962,-5.831876,5.831876,-7.186095,-23.762224,-9.496270,-16.576129,0.210060,0.016555,0.985518
0.5,29.999999999999996,0.0,optimized_dbc_margin,-13.747226,13.747226,1.666485,2.475200,-0.808715,-14.882269,14.882269,1.864297,-0.610903,-16.972380,-2.475200,0.748617,0.000000,1.000000
0.5,29.999999999999996,0.0,optimized_table,-14.047063,14.047063,1.966322,6.020619,-4.054297,-14.762183,14.762183,1.744212,-4.276407,-17.600198,-6.020619,0.560709,0.000000,1.000000
0.5,29.999999999999996,0.0,optimized_aggressive,-13.392546,13.392546,1.311805,12.041206,-10.729401,-14.879704,14.879704,1.861733,-10.179473,-18.477518,-12.041206,0.356209,0.000000,1.000000
1.0,-29.999999999999996,0.0,uniform,-9.004806,9.004806,0.000000,0.000000,0.000000,-10.689499,10.689499,0.000000,0.000000,-13.171299,0.000000,1.000000,1.000000,1.000000
1.0,-29.999999999999996,0.0,unit_cosine,-6.899147,6.899147,-2.105660,6.490918,-8.596577,-9.116951,9.116951,-1.572547,-8.063465,-11.532339,-6.490918,0.677604,0.206939,0.985518
1.0,-29.999999999999996,0.0,unit_cosine_hamming,-7.086742,7.086742,-1.918064,16.654701,-18.572765,-7.406150,7.406150,-3.283349,-19.938050,-9.459238,-16.654701,0.210060,0.016555,0.985518
1.0,-29.999999999999996,0.0,optimized_dbc_margin,-11.560778,11.560778,2.555972,1.559892,0.996080,-13.398996,13.398996,2.709497,1.149605,-14.867230,-1.559892,0.806619,0.000000,1.000000
1.0,-29.999999999999996,0.0,optimized_table,-13.442590,13.442590,4.437783,6.020613,-1.582830,-14.763724,14.763724,4.074225,-1.946388,-16.177374,-6.020613,0.542973,0.000000,1.000000
1.0,-29.999999999999996,0.0,optimized_aggressive,-12.779311,12.779311,3.774504,12.041199,-8.266695,-14.950307,14.950307,4.260808,-7.780391,-16.398211,-12.041199,0.342138,0.000000,1.000000
1.0,-25.0,0.0,uniform,-9.185426,9.185426,0.000000,0.000000,0.000000,-10.928359,10.928359,0.000000,0.000000,-12.797759,0.000000,1.000000,1.000000,1.000000
1.0,-25.0,0.0,unit_cosine,-6.767685,6.767685,-2.417741,5.192389,-7.610130,-8.594331,8.594331,-2.334027,-7.526416,-11.189508,-5.192389,0.706905,0.249431,0.998383
1.0,-25.0,0.0,unit_cosine_hamming,-6.343415,6.343415,-2.842012,15.384664,-18.226676,-6.779034,6.779034,-4.149325,-19.533988,-9.183459,-15.384664,0.219143,0.019954,0.998383
1.0,-25.0,0.0,optimized_dbc_margin,-12.618978,12.618978,3.433551,1.694584,1.738968,-13.482888,13.482888,2.554530,0.859946,-14.707360,-1.694584,0.680018,0.000000,1.000000
1.0,-25.0,0.0,optimized_table,-13.819790,13.819790,4.634364,6.020631,-1.386267,-14.763169,14.763169,3.834811,-2.185820,-16.023177,-6.020631,0.487223,0.000000,1.000000
1.0,-25.0,0.0,optimized_aggressive,-13.478939,13.478939,4.293513,12.041201,-7.747688,-14.562323,14.562323,3.633965,-8.407236,-16.371892,-12.041201,0.294549,0.000000,1.000000
1.0,-20.0,0.0,uniform,-10.083287,10.083287,0.000000,0.000000,0.000000,-10.927997,10.927997,0.000000,0.000000,-12.971410,0.000000,1.000000,1.000000,1.000000
1.0,-20.0,0.0,unit_cosine,-7.976202,7.976202,-2.107085,3.724933,-5.832018,-8.809957,8.809957,-2.118040,-5.842973,-11.680066,-3.724933,0.732199,0.301815,0.998383
1.0,-20.0,0.0,unit_cosine_hamming,-6.055112,6.055112,-4.028175,13.889815,-17.917991,-7.212790,7.212790,-3.715208,-17.605023,-9.555701,-13.889815,0.226984,0.024145,0.998383
1.0,-20.0,0.0,optimized_dbc_margin,-12.432229,12.432229,2.348942,1.843084,0.505858,-13.803648,13.803648,2.875651,1.032567,-15.156661,-1.843084,0.755918,0.000000,1.000000
1.0,-20.0,0.0,optimized_table,-13.814306,13.814306,3.731018,6.020613,-2.289594,-14.871003,14.871003,3.943005,-2.077607,-15.999417,-6.020613,0.495654,0.000000,1.000000
1.0,-20.0,0.0,optimized_aggressive,-13.979759,13.979759,3.896471,12.041229,-8.144758,-15.085850,15.085850,4.157852,-7.883377,-16.442219,-12.041229,0.300902,0.000000,1.000000
1.0,-14.999999999999998,0.0,uniform,-10.173246,10.173246,0.000000,0.000000,0.000000,-10.893302,10.893302,0.000000,0.000000,-12.742241,0.000000,1.000000,1.000000,1.000000
1.0,-14.999999999999998,0.0,unit_cosine,-8.614255,8.614255,-1.558991,2.533632,-4.092623,-9.793092,9.793092,-1.100210,-3.633842,-12.292196,-2.533632,0.752715,0.362500,0.985518
1.0,-14.999999999999998,0.0,unit_cosine_hamming,-6.008537,6.008537,-4.164709,12.697655,-16.862364,-7.158708,7.158708,-3.734594,-16.432249,-9.614799,-12.697655,0.233344,0.029000,0.985518
1.0,-14.999999999999998,0.0,optimized_dbc_margin,-12.484915,12.484915,2.311669,1.781335,0.530334,-13.724311,13.724311,2.831009,1.049673,-15.128366,-1.781335,0.778683,0.000000,1.000000
1.0,-14.999999999999998,0.0,optimized_table,-14.388189,14.388189,4.214943,6.020598,-1.805656,-14.764230,14.764230,3.870928,-2.149670,-15.808266,-6.020598,0.518978,0.000000,1.000000
1.0,-14.999999999999998,0.0,optimized_aggressive,-13.212638,13.212638,3.039392,12.041241,-9.001850,-14.383864,14.383864,3.490561,-8.550680,-16.048592,-12.041241,0.314215,0.000000,1.000000
1.0,-10.0,0.0,uniform,-9.793031,9.793031,0.000000,0.000000,0.000000,-10.454787,10.454787,0.000000,0.000000,-12.382854,0.000000,1.000000,1.000000,1.000000
1.0,-10.0,0.0,unit_cosine,-9.010407,9.010407,-0.782623,1.636046,-2.418670,-10.390806,10.390806,-0.063981,-1.700027,-12.603295,-1.636046,0.767833,0.429641,0.974369
1.0,-10.0,0.0,unit_cosine_hamming,-6.187212,6.187212,-3.605818,11.799334,-15.405152,-7.209149,7.209149,-3.245638,-15.044972,-9.762466,-11.799334,0.238031,0.034371,0.974369
1.0,-10.0,0.0,optimized_dbc_margin,-12.464301,12.464301,2.671270,1.678477,0.992794,-12.901993,12.901993,2.447206,0.768729,-14.465332,-1.678477,0.768327,0.000000,1.000000
1.0,-10.0,0.0,optimized_table,-13.623201,13.623201,3.830171,6.020604,-2.190434,-14.562871,14.562871,4.108084,-1.912520,-15.644464,-6.020604,0.495388,0.000000,1.000000
1.0,-10.0,0.0,optimized_aggressive,-12.982867,12.982867,3.189836,12.041203,-8.851367,-13.422571,13.422571,2.967784,-9.073419,-15.437844,-12.041203,0.306515,0.000000,1.000000
1.0,-5.0,0.0,uniform,-9.436843,9.436843,0.000000,0.000000,0.000000,-10.166765,10.166765,0.000000,0.000000,-12.212596,0.000000,1.000000,1.000000,1.000000
1.0,-5.0,0.0,unit_cosine,-9.218642,9.218642,-0.218201,1.006827,-1.225028,-10.570358,10.570358,0.403593,-0.603234,-12.348047,-1.006827,0.777091,0.501200,0.993543
1.0,-5.0,0.0,unit_cosine_hamming,-6.289380,6.289380,-3.147463,11.169517,-14.316981,-6.940777,6.940777,-3.225988,-14.395505,-9.946071,-11.169517,0.240901,0.040096,0.993543
1.0,-5.0,0.0,optimized_dbc_margin,-12.027497,12.027497,2.590654,1.453540,1.137114,-12.533750,12.533750,2.366985,0.913445,-14.002293,-1.453540,0.724445,0.000000,1.000000
1.0,-5.0,0.0,optimized_table,-13.251947,13.251947,3.815104,6.020601,-2.205497,-13.920602,13.920602,3.753836,-2.266764,-14.930519,-6.020601,0.426460,0.000000,1.000000
1.0,-5.0,0.0,optimized_aggressive,-13.000331,13.000331,3.563488,8.669244,-5.105756,-13.938948,13.938948,3.772182,-4.897061,-14.646088,-8.669244,0.323661,0.000000,1.000000
1.0,0.0,0.0,uniform,-8.855015,8.855015,0.000000,0.000000,0.000000,-9.834110,9.834110,0.000000,0.000000,-11.869771,0.000000,1.000000,1.000000,1.000000
1.0,0.0,0.0,unit_cosine,-9.383205,9.383205,0.528190,0.731903,-0.203713,-10.361308,10.361308,0.527198,-0.204705,-12.540063,-0.731903,0.780208,0.575000,1.000000
1.0,0.0,0.0,unit_cosine_hamming,-6.325021,6.325021,-2.529994,10.895889,-13.425882,-6.642864,6.642864,-3.191246,-14.087135,-10.073174,-10.895889,0.241867,0.046000,1.000000
1.0,0.0,0.0,optimized_dbc_margin,-11.555333,11.555333,2.700318,1.307196,1.393122,-12.107532,12.107532,2.273422,0.966227,-14.055780,-1.307196,0.664049,0.000000,1.000000
1.0,0.0,0.0,optimized_table,-11.938179,11.938179,3.083164,5.282500,-2.199336,-13.646409,13.646409,3.812298,-1.470201,-14.500985,-5.282500,0.422702,0.000000,1.000000
1.0,0.0,0.0,optimized_aggressive,-11.938179,11.938179,3.083164,5.282500,-2.199336,-13.646409,13.646409,3.812298,-1.470201,-14.500985,-5.282500,0.422702,0.000000,1.000000
1.0,5.0,0.0,uniform,-8.741131,8.741131,0.000000,0.000000,0.000000,-10.326379,10.326379,0.000000,0.000000,-12.205286,0.000000,1.000000,1.000000,1.000000
1.0,5.0,0.0,unit_cosine,-9.423160,9.423160,0.682029,1.006827,-0.324798,-10.446899,10.446899,0.120520,-0.886307,-12.381016,-1.006827,0.777091,0.501200,0.993543
1.0,5.0,0.0,unit_cosine_hamming,-6.289380,6.289380,-2.451751,11.169517,-13.621268,-6.941368,6.941368,-3.385012,-14.554529,-9.951524,-11.169517,0.240901,0.040096,0.993543
1.0,5.0,0.0,optimized_dbc_margin,-11.115246,11.115246,2.374115,1.420884,0.953231,-12.172608,12.172608,1.846228,0.425344,-14.196847,-1.420884,0.723295,0.000000,1.000000
1.0,5.0,0.0,optimized_table,-12.455225,12.455225,3.714094,6.020601,-2.306507,-13.256045,13.256045,2.929666,-3.090935,-14.768669,-6.020601,0.441294,0.000000,0.999953
1.0,5.0,0.0,optimized_aggressive,-12.108073,12.108073,3.366943,8.152820,-4.785878,-13.129571,13.129571,2.803192,-5.349628,-14.794808,-8.152820,0.366737,0.000000,0.999713
1.0,10.0,0.0,uniform,-9.291781,9.291781,0.000000,0.000000,0.000000,-10.634621,10.634621,0.000000,0.000000,-12.540014,0.000000,1.000000,1.000000,1.000000
1.0,10.0,0.0,unit_cosine,-9.223531,9.223531,-0.068250,1.636046,-1.704296,-10.511381,10.511381,-0.123240,-1.759286,-12.404149,-1.636046,0.767833,0.429641,0.974369
1.0,10.0,0.0,unit_cosine_hamming,-6.187212,6.187212,-3.104568,11.799334,-14.903902,-7.212254,7.212254,-3.422367,-15.221701,-9.810917,-11.799334,0.238031,0.034371,0.974369
1.0,10.0,0.0,optimized_dbc_margin,-11.853404,11.853404,2.561623,1.534370,1.027253,-12.891247,12.891247,2.256626,0.722256,-14.388581,-1.534370,0.787135,0.000000,1.000000
1.0,10.0,0.0,optimized_table,-13.721620,13.721620,4.429839,6.020631,-1.590792,-14.345636,14.345636,3.711014,-2.309617,-15.829208,-6.020631,0.490249,0.000000,1.000000
1.0,10.0,0.0,optimized_aggressive,-13.033082,13.033082,3.741301,12.041576,-8.300275,-14.518612,14.518612,3.883991,-8.157585,-15.944324,-12.041576,0.305692,0.000000,1.000000
1.0,14.999999999999998,0.0,uniform,-10.429347,10.429347,0.000000,0.000000,0.000000,-10.738677,10.738677,0.000000,0.000000,-12.882366,0.000000,1.000000,1.000000,1.000000
1.0,14.999999999999998,0.0,unit_cosine,-8.819833,8.819833,-1.609514,2.533632,-4.143146,-9.954167,9.954167,-0.784510,-3.318142,-12.665630,-2.533632,0.752715,0.362500,0.985518
1.0,14.999999999999998,0.0,unit_cosine_hamming,-6.008537,6.008537,-4.420810,12.697655,-17.118465,-7.162115,7.162115,-3.576562,-16.274217,-9.640506,-12.697655,0.233344,0.029000,0.985518
1.0,14.999999999999998,0.0,optimized_dbc_margin,-12.619495,12.619495,2.190148,1.667017,0.523130,-13.895823,13.895823,3.157146,1.490129,-14.759979,-1.667017,0.792381,0.000000,1.000000
1.0,14.999999999999998,0.0,optimized_table,-14.123349,14.123349,3.694002,6.020616,-2.326614,-15.204116,15.204116,4.465439,-1.555177,-15.987346,-6.020616,0.505981,0.000000,0.999995
1.0,14.999999999999998,0.0,optimized_aggressive,-12.924050,12.924050,2.494703,12.041250,-9.546548,-14.721727,14.721727,3.983050,-8.058200,-16.219158,-12.041250,0.308965,0.000000,1.000000
1.0,20.0,0.0,uniform,-10.289051,10.289051,0.000000,0.000000,0.000000,-11.160488,11.160488,0.000000,0.000000,-12.689791,0.000000,1.000000,1.000000,1.000000
1.0,20.0,0.0,unit_cosine,-8.099194,8.099194,-2.189857,3.724933,-5.914790,-8.980918,8.980918,-2.179570,-5.904502,-11.800899,-3.724933,0.732199,0.301815,0.998383
1.0,20.0,0.0,unit_cosine_hamming,-6.055112,6.055112,-4.233939,13.889815,-18.123754,-7.216665,7.216665,-3.943822,-17.833638,-9.601402,-13.889815,0.226984,0.024145,0.998383
1.0,20.0,0.0,optimized_dbc_margin,-12.365960,12.365960,2.076909,1.713020,0.363889,-14.227029,14.227029,3.066541,1.353521,-14.961146,-1.713020,0.736274,0.000000,1.000000
1.0,20.0,0.0,optimized_table,-13.595577,13.595577,3.306526,6.020603,-2.714077,-15.081240,15.081240,3.920753,-2.099850,-16.139386,-6.020603,0.470297,0.000000,1.000000
1.0,20.0,0.0,optimized_aggressive,-13.373622,13.373622,3.084571,12.041258,-8.956687,-14.526184,14.526184,3.365696,-8.675562,-16.464245,-12.041258,0.283137,0.000000,1.000000
1.0,25.0,0.0,uniform,-9.556375,9.556375,0.000000,0.000000,0.000000,-10.946457,10.946457,0.000000,0.000000,-12.855018,0.000000,1.000000,1.000000,1.000000
1.0,25.0,0.0,unit_cosine,-7.080340,7.080340,-2.476035,5.192389,-7.668424,-8.570929,8.570929,-2.375527,-7.567916,-11.398772,-5.192389,0.706905,0.249431,0.998383
1.0,25.0,0.0,unit_cosine_hamming,-6.347512,6.347512,-3.208863,15.384664,-18.593527,-6.827743,6.827743,-4.118713,-19.503377,-9.197088,-15.384664,0.219143,0.019954,0.998383
1.0,25.0,0.0,optimized_dbc_margin,-13.078957,13.078957,3.522582,1.585088,1.937494,-13.730132,13.730132,2.783675,1.198587,-14.979499,-1.585088,0.729116,0.000000,1.000000
1.0,25.0,0.0,optimized_table,-13.884734,13.884734,4.328359,6.020602,-1.692243,-14.660744,14.660744,3.714287,-2.306315,-15.857870,-6.020602,0.445412,0.000000,1.000000
1.0,25.0,0.0,optimized_aggressive,-14.234382,14.234382,4.678007,12.041201,-7.363194,-14.955225,14.955225,4.008769,-8.032432,-16.126207,-12.041201,0.277223,0.000000,1.000000
1.0,29.999999999999996,0.0,uniform,-9.482604,9.482604,0.000000,0.000000,0.000000,-10.854475,10.854475,0.000000,0.000000,-12.905971,0.000000,1.000000,1.000000,1.000000
1.0,29.999999999999996,0.0,unit_cosine,-7.390465,7.390465,-2.092139,6.490918,-8.583056,-8.846507,8.846507,-2.007969,-8.498886,-11.750376,-6.490918,0.677604,0.206939,0.985518
1.0,29.999999999999996,0.0,unit_cosine_hamming,-6.906896,6.906896,-2.575708,16.654701,-19.230409,-7.466591,7.466591,-3.387884,-20.042585,-9.433792,-16.654701,0.210060,0.016555,0.985518
1.0,29.999999999999996,0.0,optimized_dbc_margin,-12.283847,12.283847,2.801243,1.622075,1.179168,-13.542043,13.542043,2.687568,1.065493,-14.749937,-1.622075,0.772572,0.000000,1.000000
1.0,29.999999999999996,0.0,optimized_table,-13.718120,13.718120,4.235516,6.020606,-1.785090,-14.406970,14.406970,3.552495,-2.468110,-16.110308,-6.020606,0.527332,0.000000,1.000000
1.0,29.999999999999996,0.0,optimized_aggressive,-13.504789,13.504789,4.022185,12.041234,-8.019049,-13.929707,13.929707,3.075232,-8.966002,-16.188181,-12.041234,0.343301,0.000000,1.000000
2.0,-29.999999999999996,0.0,uniform,-9.482140,9.482140,0.000000,0.000000,0.000000,-11.550486,11.550486,0.000000,0.000000,-13.279497,0.000000,1.000000,1.000000,1.000000
2.0,-29.999999999999996,0.0,unit_cosine,-7.887521,7.887521,-1.594619,6.519251,-8.113870,-9.594480,9.594480,-1.956006,-8.475257,-12.345499,-6.519251,0.677604,0.206939,0.985518
2.0,-29.999999999999996,0.0,unit_cosine_hamming,-7.941963,7.941963,-1.540177,16.689682,-18.229859,-8.449184,8.449184,-3.101302,-19.790985,-10.302476,-16.689682,0.210060,0.016555,0.985518
2.0,-29.999999999999996,0.0,optimized_dbc_margin,-12.215101,12.215101,2.732961,1.589310,1.143651,-13.555694,13.555694,2.005208,0.415898,-14.938438,-1.589310,0.837288,0.000000,1.000000
2.0,-29.999999999999996,0.0,optimized_table,-13.742164,13.742164,4.260024,6.020602,-1.760577,-14.745138,14.745138,3.194652,-2.825950,-15.985404,-6.020602,0.593242,0.000000,1.000000
2.0,-29.999999999999996,0.0,optimized_aggressive,-13.791086,13.791086,4.308946,12.041212,-7.732266,-14.242448,14.242448,2.691962,-9.349250,-16.029903,-12.041212,0.401047,0.000000,1.000000
2.0,-25.0,0.0,uniform,-9.512748,9.512748,0.000000,0.000000,0.000000,-11.338180,11.338180,0.000000,0.000000,-13.379702,0.000000,1.000000,1.000000,1.000000
2.0,-25.0,0.0,unit_cosine,-7.411408,7.411408,-2.101341,5.131748,-7.233089,-9.477485,9.477485,-1.860695,-6.992444,-12.176157,-5.131748,0.706905,0.249431,0.998383
2.0,-25.0,0.0,unit_cosine_hamming,-7.142658,7.142658,-2.370090,15.301621,-17.671711,-7.943234,7.943234,-3.394946,-18.696567,-9.583372,-15.301621,0.219143,0.019954,0.998383
2.0,-25.0,0.0,optimized_dbc_margin,-12.022364,12.022364,2.509616,1.363514,1.146102,-12.810005,12.810005,1.471825,0.108311,-14.530125,-1.363514,0.796143,0.000000,1.000000
2.0,-25.0,0.0,optimized_table,-12.003313,12.003313,2.490565,6.020616,-3.530051,-14.005865,14.005865,2.667685,-3.352930,-15.568994,-6.020616,0.530840,0.000000,1.000000
2.0,-25.0,0.0,optimized_aggressive,-11.084531,11.084531,1.571783,12.041204,-10.469421,-13.385476,13.385476,2.047296,-9.993908,-15.444528,-12.041204,0.356194,0.000000,1.000000
2.0,-20.0,0.0,uniform,-9.471952,9.471952,0.000000,0.000000,0.000000,-10.935333,10.935333,0.000000,0.000000,-13.110686,0.000000,1.000000,1.000000,1.000000
2.0,-20.0,0.0,unit_cosine,-7.370112,7.370112,-2.101840,3.790331,-5.892171,-9.521333,9.521333,-1.414000,-5.204331,-12.193315,-3.790331,0.732199,0.301815,0.998383
2.0,-20.0,0.0,unit_cosine_hamming,-6.468704,6.468704,-3.003248,13.960840,-16.964088,-7.224554,7.224554,-3.710779,-17.671619,-10.187774,-13.960840,0.226984,0.024145,0.998383
2.0,-20.0,0.0,optimized_dbc_margin,-11.684531,11.684531,2.212580,1.385533,0.827046,-13.162758,13.162758,2.227425,0.841891,-14.706598,-1.385533,0.745063,0.000000,1.000000
2.0,-20.0,0.0,optimized_table,-13.430526,13.430526,3.958574,6.020600,-2.062025,-14.467059,14.467059,3.531726,-2.488874,-15.922885,-6.020600,0.496867,0.000000,1.000000
2.0,-20.0,0.0,optimized_aggressive,-13.915261,13.915261,4.443309,9.118648,-4.675339,-14.761942,14.761942,3.826609,-5.292039,-16.096075,-9.118648,0.384029,0.000000,1.000000
2.0,-14.999999999999998,0.0,uniform,-9.646989,9.646989,0.000000,0.000000,0.000000,-10.645967,10.645967,0.000000,0.000000,-12.852652,0.000000,1.000000,1.000000,1.000000
2.0,-14.999999999999998,0.0,unit_cosine,-8.197852,8.197852,-1.449137,2.506776,-3.955913,-9.780862,9.780862,-0.865105,-3.371882,-12.387597,-2.506776,0.752715,0.362500,0.985518
2.0,-14.999999999999998,0.0,unit_cosine_hamming,-6.597888,6.597888,-3.049101,12.677086,-15.726186,-7.526214,7.526214,-3.119753,-15.796839,-9.878574,-12.677086,0.233344,0.029000,0.985518
2.0,-14.999999999999998,0.0,optimized_dbc_margin,-12.106716,12.106716,2.459727,1.548772,0.910954,-12.946035,12.946035,2.300068,0.751296,-14.599159,-1.548772,0.776112,0.000000,1.000000
2.0,-14.999999999999998,0.0,optimized_table,-12.860607,12.860607,3.213618,6.020611,-2.806992,-14.433335,14.433335,3.787368,-2.233243,-16.081511,-6.020611,0.515470,0.000000,1.000000
2.0,-14.999999999999998,0.0,optimized_aggressive,-12.531529,12.531529,2.884540,12.041198,-9.156658,-14.533465,14.533465,3.887498,-8.153700,-15.941100,-12.041198,0.329371,0.000000,1.000000
2.0,-10.0,0.0,uniform,-9.784134,9.784134,0.000000,0.000000,0.000000,-10.702816,10.702816,0.000000,0.000000,-12.603512,0.000000,1.000000,1.000000,1.000000
2.0,-10.0,0.0,unit_cosine,-8.964511,8.964511,-0.819623,1.565083,-2.384706,-10.253165,10.253165,-0.449651,-2.014734,-12.776152,-1.565083,0.767833,0.429641,0.974369
2.0,-10.0,0.0,unit_cosine_hamming,-7.126284,7.126284,-2.657851,11.735202,-14.393052,-8.308680,8.308680,-2.394136,-14.129338,-9.970073,-11.735202,0.238031,0.034371,0.974369
2.0,-10.0,0.0,optimized_dbc_margin,-12.160952,12.160952,2.376817,1.486930,0.889888,-13.254175,13.254175,2.551359,1.064429,-14.512308,-1.486930,0.793601,0.000000,1.000000
2.0,-10.0,0.0,optimized_table,-12.908516,12.908516,3.124382,6.020601,-2.896220,-14.055559,14.055559,3.352742,-2.667859,-15.552328,-6.020601,0.504946,0.000000,1.000000
2.0,-10.0,0.0,optimized_aggressive,-12.565260,12.565260,2.781126,12.041204,-9.260078,-13.676287,13.676287,2.973470,-9.067734,-15.340350,-12.041204,0.337268,0.000000,1.000000
2.0,-5.0,0.0,uniform,-9.918945,9.918945,0.000000,0.000000,0.000000,-10.595625,10.595625,0.000000,0.000000,-12.377778,0.000000,1.000000,1.000000,1.000000
2.0,-5.0,0.0,unit_cosine,-9.714719,9.714719,-0.204226,0.937338,-1.141564,-10.727605,10.727605,0.131980,-0.805358,-12.587840,-0.937338,0.777091,0.501200,0.993543
2.0,-5.0,0.0,unit_cosine_hamming,-7.226422,7.226422,-2.692522,11.107276,-13.799799,-7.713971,7.713971,-2.881654,-13.988930,-9.855949,-11.107276,0.240901,0.040096,0.993543
2.0,-5.0,0.0,optimized_dbc_margin,-12.307767,12.307767,2.388822,1.645440,0.743382,-12.962845,12.962845,2.367220,0.721780,-14.182327,-1.645440,0.729486,0.000000,1.000000
2.0,-5.0,0.0,optimized_table,-12.457265,12.457265,2.538320,6.020600,-3.482280,-13.251183,13.251183,2.655558,-3.365042,-14.950588,-6.020600,0.459289,0.000000,1.000000
2.0,-5.0,0.0,optimized_aggressive,-12.457265,12.457265,2.538320,6.020600,-3.482280,-13.251183,13.251183,2.655558,-3.365042,-14.950588,-6.020600,0.459289,0.000000,1.000000
2.0,0.0,0.0,uniform,-9.710139,9.710139,0.000000,0.000000,0.000000,-10.465333,10.465333,0.000000,0.000000,-11.934567,0.000000,1.000000,1.000000,1.000000
2.0,0.0,0.0,unit_cosine,-10.126629,10.126629,0.416490,0.629011,-0.212521,-10.812050,10.812050,0.346716,-0.282294,-12.098669,-0.629011,0.780208,0.575000,1.000000
2.0,0.0,0.0,unit_cosine_hamming,-7.031600,7.031600,-2.678539,10.798401,-13.476940,-7.417511,7.417511,-3.047823,-13.846224,-10.116231,-10.798401,0.241867,0.046000,1.000000
2.0,0.0,0.0,optimized_dbc_margin,-11.772399,11.772399,2.062260,1.436499,0.625760,-12.636163,12.636163,2.170830,0.734331,-13.894738,-1.436499,0.585271,0.000000,1.000000
2.0,0.0,0.0,optimized_table,-12.804778,12.804778,3.094639,5.061319,-1.966680,-13.222034,13.222034,2.756701,-2.304618,-14.409363,-5.061319,0.378473,0.000000,1.000000
2.0,0.0,0.0,optimized_aggressive,-12.804778,12.804778,3.094638,5.061322,-1.966684,-13.222032,13.222032,2.756699,-2.304624,-14.409362,-5.061322,0.378472,0.000000,1.000000
2.0,5.0,0.0,uniform,-9.638219,9.638219,0.000000,0.000000,0.000000,-10.858292,10.858292,0.000000,0.000000,-12.380414,0.000000,1.000000,1.000000,1.000000
2.0,5.0,0.0,unit_cosine,-9.613446,9.613446,-0.024773,0.937338,-0.962110,-10.977294,10.977294,0.119002,-0.818336,-12.259246,-0.937338,0.777091,0.501200,0.993543
2.0,5.0,0.0,unit_cosine_hamming,-7.226422,7.226422,-2.411796,11.107276,-13.519073,-7.714549,7.714549,-3.143743,-14.251019,-9.854189,-11.107276,0.240901,0.040096,0.993543
2.0,5.0,0.0,optimized_dbc_margin,-11.098782,11.098782,1.460564,1.543713,-0.083149,-12.666912,12.666912,1.808620,0.264908,-13.930978,-1.543713,0.700760,0.000000,1.000000
2.0,5.0,0.0,optimized_table,-12.444447,12.444447,2.806228,6.020601,-3.214373,-13.308138,13.308138,2.449846,-3.570754,-15.020823,-6.020601,0.461898,0.000000,1.000000
2.0,5.0,0.0,optimized_aggressive,-12.206391,12.206391,2.568172,11.237699,-8.669527,-12.992957,12.992957,2.134665,-9.103034,-14.951890,-11.237699,0.308180,0.000000,1.000000
2.0,10.0,0.0,uniform,-9.750172,9.750172,0.000000,0.000000,0.000000,-10.796248,10.796248,0.000000,0.000000,-12.417962,0.000000,1.000000,1.000000,1.000000
2.0,10.0,0.0,unit_cosine,-9.007637,9.007637,-0.742535,1.565083,-2.307618,-10.436256,10.436256,-0.359992,-1.925075,-12.321737,-1.565083,0.767833,0.429641,0.974369
2.0,10.0,0.0,unit_cosine_hamming,-7.126284,7.126284,-2.623888,11.735202,-14.359090,-8.340968,8.340968,-2.455280,-14.190482,-9.976487,-11.735202,0.238031,0.034371,0.974369
2.0,10.0,0.0,optimized_dbc_margin,-12.815606,12.815606,3.065434,1.597988,1.467446,-13.175362,13.175362,2.379114,0.781125,-14.399111,-1.597988,0.776532,0.000000,1.000000
2.0,10.0,0.0,optimized_table,-13.093206,13.093206,3.343034,6.020604,-2.677570,-14.007775,14.007775,3.211527,-2.809076,-15.316083,-6.020604,0.528772,0.000000,1.000000
2.0,10.0,0.0,optimized_aggressive,-12.361466,12.361466,2.611294,12.041202,-9.429908,-13.967388,13.967388,3.171140,-8.870062,-15.473660,-12.041202,0.334271,0.000000,1.000000
2.0,14.999999999999998,0.0,uniform,-9.697375,9.697375,0.000000,0.000000,0.000000,-10.714266,10.714266,0.000000,0.000000,-12.701481,0.000000,1.000000,1.000000,1.000000
2.0,14.999999999999998,0.0,unit_cosine,-8.256697,8.256697,-1.440677,2.506776,-3.947454,-9.971427,9.971427,-0.742840,-3.249616,-12.450895,-2.506776,0.752715,0.362500,0.985518
2.0,14.999999999999998,0.0,unit_cosine_hamming,-6.597888,6.597888,-3.099487,12.677086,-15.776572,-7.541978,7.541978,-3.172288,-15.849374,-9.893974,-12.677086,0.233344,0.029000,0.985518
2.0,14.999999999999998,0.0,optimized_dbc_margin,-12.738297,12.738297,3.040922,1.513944,1.526978,-13.324515,13.324515,2.610249,1.096305,-14.416858,-1.513944,0.788158,0.000000,1.000000
2.0,14.999999999999998,0.0,optimized_table,-14.119085,14.119085,4.421711,6.020599,-1.598888,-14.550374,14.550374,3.836108,-2.184491,-16.091036,-6.020599,0.516703,0.000000,1.000000
2.0,14.999999999999998,0.0,optimized_aggressive,-13.174812,13.174812,3.477437,12.041201,-8.563764,-14.333603,14.333603,3.619337,-8.421865,-16.282219,-12.041201,0.329342,0.000000,1.000000
2.0,20.0,0.0,uniform,-9.752519,9.752519,0.000000,0.000000,0.000000,-10.552850,10.552850,0.000000,0.000000,-12.944400,0.000000,1.000000,1.000000,1.000000
2.0,20.0,0.0,unit_cosine,-7.624049,7.624049,-2.128470,3.790331,-5.918801,-9.678436,9.678436,-0.874414,-4.664744,-12.175810,-3.790331,0.732199,0.301815,0.998383
2.0,20.0,0.0,unit_cosine_hamming,-6.387570,6.387570,-3.364949,13.960840,-17.325789,-7.210847,7.210847,-3.342002,-17.302843,-10.246066,-13.960840,0.226984,0.024145,0.998383
2.0,20.0,0.0,optimized_dbc_margin,-11.753400,11.753400,2.000881,1.210536,0.790345,-13.410419,13.410419,2.857570,1.647034,-14.452419,-1.210536,0.761302,0.000000,1.000000
2.0,20.0,0.0,optimized_table,-12.922259,12.922259,3.169741,6.020609,-2.850868,-14.616477,14.616477,4.063628,-1.956981,-16.149894,-6.020609,0.501511,0.000000,1.000000
2.0,20.0,0.0,optimized_aggressive,-13.347130,13.347130,3.594611,12.041201,-8.446590,-14.451298,14.451298,3.898448,-8.142753,-16.039335,-12.041201,0.310403,0.000000,1.000000
2.0,25.0,0.0,uniform,-9.717195,9.717195,0.000000,0.000000,0.000000,-11.103162,11.103162,0.000000,0.000000,-13.531830,0.000000,1.000000,1.000000,1.000000
2.0,25.0,0.0,unit_cosine,-7.605364,7.605364,-2.111832,5.131748,-7.243580,-9.697122,9.697122,-1.406041,-6.537789,-12.315178,-5.131748,0.706905,0.249431,0.998383
2.0,25.0,0.0,unit_cosine_hamming,-6.950963,6.950963,-2.766233,15.301621,-18.067854,-7.928271,7.928271,-3.174892,-18.476513,-9.781918,-15.301621,0.219143,0.019954,0.998383
2.0,25.0,0.0,optimized_dbc_margin,-11.947323,11.947323,2.230127,1.472715,0.757412,-13.406103,13.406103,2.302941,0.830226,-14.683785,-1.472715,0.810418,0.000000,1.000000
2.0,25.0,0.0,optimized_table,-12.206608,12.206608,2.489413,6.020605,-3.531192,-14.343203,14.343203,3.240040,-2.780564,-15.781493,-6.020605,0.555354,0.000000,1.000000
2.0,25.0,0.0,optimized_aggressive,-11.474551,11.474551,1.757356,12.041200,-10.283845,-13.999741,13.999741,2.896579,-9.144621,-15.346574,-12.041200,0.348222,0.000000,1.000000
2.0,29.999999999999996,0.0,uniform,-9.291884,9.291884,0.000000,0.000000,0.000000,-11.296224,11.296224,0.000000,0.000000,-13.418004,0.000000,1.000000,1.000000,1.000000
2.0,29.999999999999996,0.0,unit_cosine,-7.457803,7.457803,-1.834081,6.519251,-8.353332,-9.696142,9.696142,-1.600083,-8.119334,-12.211294,-6.519251,0.677604,0.206939,0.985518
2.0,29.999999999999996,0.0,unit_cosine_hamming,-7.869932,7.869932,-1.421952,16.689682,-18.111634,-8.417683,8.417683,-2.878541,-19.568224,-10.308993,-16.689682,0.210060,0.016555,0.985518
2.0,29.999999999999996,0.0,optimized_dbc_margin,-12.505500,12.505500,3.213616,1.323999,1.889616,-13.481068,13.481068,2.184844,0.860844,-14.871176,-1.323999,0.875163,0.000000,1.000000
2.0,29.999999999999996,0.0,optimized_table,-12.793087,12.793087,3.501203,6.020613,-2.519410,-14.525918,14.525918,3.229694,-2.790919,-15.981591,-6.020613,0.571235,0.000000,1.000000
2.0,29.999999999999996,0.0,optimized_aggressive,-12.761579,12.761579,3.469695,12.041256,-8.571562,-14.376901,14.376901,3.080677,-8.960579,-16.517606,-12.041256,0.375314,0.000000,0.999999
3.0,-29.999999999999996,0.0,uniform,-10.046254,10.046254,0.000000,0.000000,0.000000,-11.349999,11.349999,0.000000,0.000000,-13.333839,0.000000,1.000000,1.000000,1.000000
3.0,-29.999999999999996,0.0,unit_cosine,-8.322900,8.322900,-1.723354,6.541895,-8.265249,-9.436540,9.436540,-1.913459,-8.455354,-12.613855,-6.541895,0.677604,0.206939,0.985518
3.0,-29.999999999999996,0.0,unit_cosine_hamming,-7.857137,7.857137,-2.189117,16.713566,-18.902683,-8.523395,8.523395,-2.826604,-19.540170,-10.636821,-16.713566,0.210060,0.016555,0.985518
3.0,-29.999999999999996,0.0,optimized_dbc_margin,-12.632362,12.632362,2.586108,1.294184,1.291924,-13.550930,13.550930,2.200931,0.906748,-14.829086,-1.294184,0.874669,0.000000,1.000000
3.0,-29.999999999999996,0.0,optimized_table,-14.167516,14.167516,4.121262,6.020603,-1.899341,-14.808061,14.808061,3.458062,-2.562541,-15.694925,-6.020603,0.565904,0.000000,1.000000
3.0,-29.999999999999996,0.0,optimized_aggressive,-13.945363,13.945363,3.899109,12.041201,-8.142093,-14.396634,14.396634,3.046635,-8.994566,-15.912088,-12.041201,0.378340,0.000000,1.000000
3.0,-25.0,0.0,uniform,-10.147580,10.147580,0.000000,0.000000,0.000000,-11.654314,11.654314,0.000000,0.000000,-13.292208,0.000000,1.000000,1.000000,1.000000
3.0,-25.0,0.0,unit_cosine,-7.947694,7.947694,-2.199886,5.108128,-7.308014,-9.438308,9.438308,-2.216007,-7.324134,-12.378502,-5.108128,0.706905,0.249431,0.998383
3.0,-25.0,0.0,unit_cosine_hamming,-6.999223,6.999223,-3.148358,15.279543,-18.427901,-8.228641,8.228641,-3.425673,-18.705217,-10.182415,-15.279543,0.219143,0.019954,0.998383
3.0,-25.0,0.0,optimized_dbc_margin,-12.472487,12.472487,2.324907,1.320809,1.004098,-13.261385,13.261385,1.607070,0.286262,-14.550098,-1.320809,0.824048,0.000000,1.000000
3.0,-25.0,0.0,optimized_table,-12.971207,12.971207,2.823627,6.020604,-3.196977,-14.097173,14.097173,2.442859,-3.577745,-15.578509,-6.020604,0.527298,0.000000,1.000000
3.0,-25.0,0.0,optimized_aggressive,-11.602746,11.602746,1.455165,12.041228,-10.586062,-13.582824,13.582824,1.928510,-10.112718,-15.749280,-12.041228,0.361844,0.000000,1.000000
3.0,-20.0,0.0,uniform,-10.214382,10.214382,0.000000,0.000000,0.000000,-11.119738,11.119738,0.000000,0.000000,-12.778805,0.000000,1.000000,1.000000,1.000000
3.0,-20.0,0.0,unit_cosine,-7.957892,7.957892,-2.256489,3.812992,-6.069482,-9.349191,9.349191,-1.770547,-5.583539,-11.875761,-3.812992,0.732199,0.301815,0.998383
3.0,-20.0,0.0,unit_cosine_hamming,-6.377733,6.377733,-3.836649,13.984661,-17.821310,-7.335272,7.335272,-3.784466,-17.769128,-9.749551,-13.984661,0.226984,0.024145,0.998383
3.0,-20.0,0.0,optimized_dbc_margin,-12.028156,12.028156,1.813774,1.140217,0.673557,-13.072818,13.072818,1.953080,0.812863,-14.418033,-1.140217,0.744163,0.000000,1.000000
3.0,-20.0,0.0,optimized_table,-13.658186,13.658186,3.443805,6.020641,-2.576836,-14.382582,14.382582,3.262844,-2.757797,-15.914932,-6.020641,0.472656,0.000000,1.000000
3.0,-20.0,0.0,optimized_aggressive,-13.866742,13.866742,3.652361,12.041199,-8.388838,-14.471688,14.471688,3.351950,-8.689249,-15.625415,-12.041199,0.304257,0.000000,1.000000
3.0,-14.999999999999998,0.0,uniform,-9.562401,9.562401,0.000000,0.000000,0.000000,-10.856519,10.856519,0.000000,0.000000,-12.705690,0.000000,1.000000,1.000000,1.000000
3.0,-14.999999999999998,0.0,unit_cosine,-8.760961,8.760961,-0.801440,2.495868,-3.297308,-9.840759,9.840759,-1.015760,-3.511628,-12.238494,-2.495868,0.752715,0.362500,0.985518
3.0,-14.999999999999998,0.0,unit_cosine_hamming,-7.010532,7.010532,-2.551869,12.667452,-15.219322,-7.895953,7.895953,-2.960566,-15.628019,-9.752368,-12.667452,0.233344,0.029000,0.985518
3.0,-14.999999999999998,0.0,optimized_dbc_margin,-11.814833,11.814833,2.252432,1.332758,0.919674,-12.869134,12.869134,2.012615,0.679857,-14.605927,-1.332758,0.791953,0.000000,1.000000
3.0,-14.999999999999998,0.0,optimized_table,-12.281782,12.281782,2.719381,6.020604,-3.301223,-13.936004,13.936004,3.079485,-2.941119,-16.042609,-6.020604,0.508111,0.000000,1.000000
3.0,-14.999999999999998,0.0,optimized_aggressive,-12.032118,12.032118,2.469717,12.041199,-9.571482,-13.769487,13.769487,2.912968,-9.128231,-16.012338,-12.041199,0.327960,0.000000,1.000000
3.0,-10.0,0.0,uniform,-9.318016,9.318016,0.000000,0.000000,0.000000,-10.707539,10.707539,0.000000,0.000000,-12.792552,0.000000,1.000000,1.000000,1.000000
3.0,-10.0,0.0,unit_cosine,-9.112087,9.112087,-0.205930,1.537979,-1.743909,-10.547159,10.547159,-0.160381,-1.698360,-12.416663,-1.537979,0.767833,0.429641,0.974369
3.0,-10.0,0.0,unit_cosine_hamming,-7.616843,7.616843,-1.701174,11.709479,-13.410653,-8.690767,8.690767,-2.016773,-13.726252,-10.056765,-11.709479,0.238031,0.034371,0.974369
3.0,-10.0,0.0,optimized_dbc_margin,-11.834460,11.834460,2.516444,1.222795,1.293649,-12.632675,12.632675,1.925136,0.702341,-14.604150,-1.222795,0.806330,0.000000,1.000000
3.0,-10.0,0.0,optimized_table,-11.807509,11.807509,2.489492,6.020602,-3.531110,-13.530139,13.530139,2.822600,-3.198002,-15.827991,-6.020602,0.507321,0.000000,1.000000
3.0,-10.0,0.0,optimized_aggressive,-11.894140,11.894140,2.576124,12.041204,-9.465081,-13.477890,13.477890,2.770351,-9.270854,-16.350642,-12.041204,0.335415,0.000000,1.000000
3.0,-5.0,0.0,uniform,-9.481244,9.481244,0.000000,0.000000,0.000000,-10.629405,10.629405,0.000000,0.000000,-12.775277,0.000000,1.000000,1.000000,1.000000
3.0,-5.0,0.0,unit_cosine,-9.433531,9.433531,-0.047713,0.910816,-0.958529,-10.713846,10.713846,0.084441,-0.826375,-12.752095,-0.910816,0.777091,0.501200,0.993543
3.0,-5.0,0.0,unit_cosine_hamming,-7.836765,7.836765,-1.644479,11.082233,-12.726712,-8.295794,8.295794,-2.333611,-13.415844,-10.251287,-11.082233,0.240901,0.040096,0.993543
3.0,-5.0,0.0,optimized_dbc_margin,-11.792795,11.792795,2.311552,1.226675,1.084876,-12.534714,12.534714,1.905308,0.678633,-14.232209,-1.226675,0.776594,0.000000,1.000000
3.0,-5.0,0.0,optimized_table,-12.191167,12.191167,2.709923,6.020602,-3.310678,-13.450106,13.450106,2.820701,-3.199901,-14.599325,-6.020602,0.480496,0.000000,1.000000
3.0,-5.0,0.0,optimized_aggressive,-11.320582,11.320582,1.839339,9.965923,-8.126584,-12.927900,12.927900,2.298495,-7.667428,-14.530938,-9.965923,0.369990,0.000000,1.000000
3.0,0.0,0.0,uniform,-9.164537,9.164537,0.000000,0.000000,0.000000,-10.315424,10.315424,0.000000,0.000000,-12.525621,0.000000,1.000000,1.000000,1.000000
3.0,0.0,0.0,unit_cosine,-9.531170,9.531170,0.366633,0.669070,-0.302437,-10.689437,10.689437,0.374013,-0.295057,-12.916324,-0.669070,0.780208,0.575000,1.000000
3.0,0.0,0.0,unit_cosine_hamming,-7.688509,7.688509,-1.476028,10.840250,-12.316278,-8.100766,8.100766,-2.214657,-13.054908,-10.068766,-10.840250,0.241867,0.046000,1.000000
3.0,0.0,0.0,optimized_dbc_margin,-11.403847,11.403847,2.239310,1.032202,1.207108,-12.107996,12.107996,1.792573,0.760371,-13.747984,-1.032202,0.661012,0.000000,1.000000
3.0,0.0,0.0,optimized_table,-12.333428,12.333428,3.168891,5.785402,-2.616512,-13.020090,13.020090,2.704667,-3.080736,-14.144614,-5.785402,0.414797,0.000000,1.000000
3.0,0.0,0.0,optimized_aggressive,-12.522300,12.522300,3.357763,3.098044,0.259719,-12.901230,12.901230,2.585807,-0.512237,-14.259386,-3.098044,0.558445,0.000000,1.000000
3.0,5.0,0.0,uniform,-9.062644,9.062644,0.000000,0.000000,0.000000,-10.558267,10.558267,0.000000,0.000000,-12.736922,0.000000,1.000000,1.000000,1.000000
3.0,5.0,0.0,unit_cosine,-9.699772,9.699772,0.637128,0.910816,-0.273688,-10.732985,10.732985,0.174718,-0.736098,-12.714851,-0.910816,0.777091,0.501200,0.993543
3.0,5.0,0.0,unit_cosine_hamming,-7.836765,7.836765,-1.225880,11.082233,-12.308113,-8.296709,8.296709,-2.261558,-13.343791,-10.214536,-11.082233,0.240901,0.040096,0.993543
3.0,5.0,0.0,optimized_dbc_margin,-11.715993,11.715993,2.653348,1.409918,1.243430,-12.795821,12.795821,2.237554,0.827635,-13.748609,-1.409918,0.726562,0.000000,1.000000
3.0,5.0,0.0,optimized_table,-11.692545,11.692545,2.629900,6.020600,-3.390699,-12.975310,12.975310,2.417043,-3.603557,-14.805451,-6.020600,0.475524,0.000000,1.000000
3.0,5.0,0.0,optimized_aggressive,-10.984946,10.984946,1.922302,12.041207,-10.118906,-12.666762,12.666762,2.108495,-9.932713,-14.532178,-12.041207,0.302696,0.000000,1.000000
3.0,10.0,0.0,uniform,-9.635569,9.635569,0.000000,0.000000,0.000000,-10.603447,10.603447,0.000000,0.000000,-12.683236,0.000000,1.000000,1.000000,1.000000
3.0,10.0,0.0,unit_cosine,-9.183783,9.183783,-0.451787,1.537979,-1.989766,-10.510441,10.510441,-0.093005,-1.630984,-12.348620,-1.537979,0.767833,0.429641,0.974369
3.0,10.0,0.0,unit_cosine_hamming,-7.616843,7.616843,-2.018727,11.709479,-13.728206,-8.698386,8.698386,-1.905061,-13.614540,-10.005686,-11.709479,0.238031,0.034371,0.974369
3.0,10.0,0.0,optimized_dbc_margin,-12.605002,12.605002,2.969433,1.430176,1.539257,-13.165049,13.165049,2.561602,1.131427,-14.250839,-1.430176,0.791897,0.000000,1.000000
3.0,10.0,0.0,optimized_table,-13.156169,13.156169,3.520599,6.020601,-2.500002,-13.593945,13.593945,2.990499,-3.030103,-15.273969,-6.020601,0.516903,0.000000,1.000000
3.0,10.0,0.0,optimized_aggressive,-13.135914,13.135914,3.500345,12.041202,-8.540857,-13.622425,13.622425,3.018978,-9.022224,-15.504012,-12.041202,0.321766,0.000000,1.000000
3.0,14.999999999999998,0.0,uniform,-10.001227,10.001227,0.000000,0.000000,0.000000,-10.665943,10.665943,0.000000,0.000000,-12.633337,0.000000,1.000000,1.000000,1.000000
3.0,14.999999999999998,0.0,unit_cosine,-8.938691,8.938691,-1.062536,2.495868,-3.558404,-9.889875,9.889875,-0.776068,-3.271937,-12.255602,-2.495868,0.752715,0.362500,0.985518
3.0,14.999999999999998,0.0,unit_cosine_hamming,-7.010532,7.010532,-2.990695,12.667452,-15.658147,-7.905994,7.905994,-2.759948,-15.427401,-9.762324,-12.667452,0.233344,0.029000,0.985518
3.0,14.999999999999998,0.0,optimized_dbc_margin,-12.145391,12.145391,2.144164,1.437049,0.707115,-12.741276,12.741276,2.075333,0.638284,-14.393718,-1.437049,0.779842,0.000000,1.000000
3.0,14.999999999999998,0.0,optimized_table,-13.538532,13.538532,3.537305,6.020603,-2.483298,-14.121404,14.121404,3.455461,-2.565142,-15.581038,-6.020603,0.516280,0.000000,1.000000
3.0,14.999999999999998,0.0,optimized_aggressive,-13.299221,13.299221,3.297994,12.041216,-8.743222,-13.962869,13.962869,3.296926,-8.744290,-16.038785,-12.041216,0.328602,0.000000,1.000000
3.0,20.0,0.0,uniform,-10.222469,10.222469,0.000000,0.000000,0.000000,-11.121963,11.121963,0.000000,0.000000,-12.922958,0.000000,1.000000,1.000000,1.000000
3.0,20.0,0.0,unit_cosine,-8.195390,8.195390,-2.027079,3.812992,-5.840071,-9.238233,9.238233,-1.883730,-5.696722,-11.703639,-3.812992,0.732199,0.301815,0.998383
3.0,20.0,0.0,unit_cosine_hamming,-6.304610,6.304610,-3.917858,13.984661,-17.902520,-7.284083,7.284083,-3.837880,-17.822541,-9.711755,-13.984661,0.226984,0.024145,0.998383
3.0,20.0,0.0,optimized_dbc_margin,-11.907807,11.907807,1.685338,1.300317,0.385021,-12.884686,12.884686,1.762724,0.462407,-14.239144,-1.300317,0.728195,0.000000,1.000000
3.0,20.0,0.0,optimized_table,-13.016567,13.016567,2.794098,6.020604,-3.226506,-14.297218,14.297218,3.175255,-2.845349,-15.881696,-6.020604,0.490946,0.000000,1.000000
3.0,20.0,0.0,optimized_aggressive,-13.126387,13.126387,2.903919,12.041200,-9.137281,-14.052994,14.052994,2.931031,-9.110169,-15.966741,-12.041200,0.312535,0.000000,1.000000
3.0,25.0,0.0,uniform,-10.425621,10.425621,0.000000,0.000000,0.000000,-11.239117,11.239117,0.000000,0.000000,-13.277970,0.000000,1.000000,1.000000,1.000000
3.0,25.0,0.0,unit_cosine,-8.194972,8.194972,-2.230649,5.108128,-7.338777,-9.493970,9.493970,-1.745146,-6.853274,-12.264184,-5.108128,0.706905,0.249431,0.998383
3.0,25.0,0.0,unit_cosine_hamming,-6.732489,6.732489,-3.693133,15.279543,-18.972676,-8.260695,8.260695,-2.978422,-18.257965,-10.151177,-15.279543,0.219143,0.019954,0.998383
3.0,25.0,0.0,optimized_dbc_margin,-12.144786,12.144786,1.719165,1.552868,0.166297,-13.669328,13.669328,2.430212,0.877344,-14.568898,-1.552868,0.799555,0.000000,1.000000
3.0,25.0,0.0,optimized_table,-12.593962,12.593962,2.168341,6.020624,-3.852283,-14.147048,14.147048,2.907932,-3.112692,-15.858821,-6.020624,0.525903,0.000000,1.000000
3.0,25.0,0.0,optimized_aggressive,-12.112240,12.112240,1.686618,12.041220,-10.354602,-13.403345,13.403345,2.164228,-9.876992,-15.351990,-12.041220,0.339206,0.000000,1.000000
3.0,29.999999999999996,0.0,uniform,-9.807666,9.807666,0.000000,0.000000,0.000000,-11.558309,11.558309,0.000000,0.000000,-13.492910,0.000000,1.000000,1.000000,1.000000
3.0,29.999999999999996,0.0,unit_cosine,-7.791571,7.791571,-2.016096,6.541895,-8.557990,-9.750909,9.750909,-1.807400,-8.349295,-12.803722,-6.541895,0.677604,0.206939,0.985518
3.0,29.999999999999996,0.0,unit_cosine_hamming,-7.933238,7.933238,-1.874429,16.713566,-18.587995,-8.626440,8.626440,-2.931869,-19.645434,-10.656183,-16.713566,0.210060,0.016555,0.985518
3.0,29.999999999999996,0.0,optimized_dbc_margin,-13.138589,13.138589,3.330923,1.547818,1.783105,-14.048596,14.048596,2.490287,0.942469,-15.242976,-1.547818,0.857526,0.000000,1.000000
3.0,29.999999999999996,0.0,optimized_table,-13.134897,13.134897,3.327230,6.020606,-2.693375,-14.626080,14.626080,3.067771,-2.952834,-15.938645,-6.020606,0.567620,0.000000,1.000000
3.0,29.999999999999996,0.0,optimized_aggressive,-12.507827,12.507827,2.700160,12.041242,-9.341081,-14.360141,14.360141,2.801832,-9.239410,-15.794189,-12.041242,0.370168,0.000000,1.000000
5.0,-29.999999999999996,0.0,uniform,-10.409379,10.409379,0.000000,0.000000,0.000000,-11.487455,11.487455,0.000000,0.000000,-13.318053,0.000000,1.000000,1.000000,1.000000
5.0,-29.999999999999996,0.0,unit_cosine,-8.697651,8.697651,-1.711729,6.564714,-8.276443,-9.458793,9.458793,-2.028661,-8.593376,-12.706157,-6.564714,0.677604,0.206939,0.985518
5.0,-29.999999999999996,0.0,unit_cosine_hamming,-8.052636,8.052636,-2.356743,16.737025,-19.093768,-8.594421,8.594421,-2.893034,-19.630059,-10.715302,-16.737025,0.210060,0.016555,0.985518
5.0,-29.999999999999996,0.0,optimized_dbc_margin,-12.940956,12.940956,2.531576,1.265984,1.265592,-13.264349,13.264349,1.776895,0.510910,-14.812808,-1.265984,0.864471,0.000000,1.000000
5.0,-29.999999999999996,0.0,optimized_table,-13.934105,13.934105,3.524726,6.020620,-2.495894,-14.741158,14.741158,3.253703,-2.766917,-15.823604,-6.020620,0.528713,0.000000,1.000000
5.0,-29.999999999999996,0.0,optimized_aggressive,-14.315662,14.315662,3.906282,12.041198,-8.134916,-15.440469,15.440469,3.953014,-8.088184,-16.473153,-12.041198,0.363947,0.000000,1.000000
5.0,-25.0,0.0,uniform,-10.734502,10.734502,0.000000,0.000000,0.000000,-11.678003,11.678003,0.000000,0.000000,-13.060284,0.000000,1.000000,1.000000,1.000000
5.0,-25.0,0.0,unit_cosine,-8.752607,8.752607,-1.981895,5.091992,-7.073887,-9.638997,9.638997,-2.039006,-7.130998,-12.663164,-5.091992,0.706905,0.249431,0.998383
5.0,-25.0,0.0,unit_cosine_hamming,-7.148768,7.148768,-3.585734,15.264209,-18.849942,-8.570790,8.570790,-3.107213,-18.371422,-9.820887,-15.264209,0.219143,0.019954,0.998383
5.0,-25.0,0.0,optimized_dbc_margin,-12.815187,12.815187,2.080685,1.218492,0.862194,-13.322962,13.322962,1.644959,0.426467,-14.287105,-1.218492,0.842678,0.000000,1.000000
5.0,-25.0,0.0,optimized_table,-12.987308,12.987308,2.252806,6.020601,-3.767795,-14.316393,14.316393,2.638390,-3.382211,-15.343651,-6.020601,0.527202,0.000000,1.000000
5.0,-25.0,0.0,optimized_aggressive,-13.136365,13.136365,2.401863,9.118638,-6.716775,-14.055622,14.055622,2.377620,-6.741019,-15.503623,-9.118638,0.430264,0.000000,1.000000
5.0,-20.0,0.0,uniform,-10.077294,10.077294,0.000000,0.000000,0.000000,-11.212595,11.212595,0.000000,0.000000,-12.795667,0.000000,1.000000,1.000000,1.000000
5.0,-20.0,0.0,unit_cosine,-8.083693,8.083693,-1.993601,3.806182,-5.799783,-9.632811,9.632811,-1.579784,-5.385966,-12.499368,-3.806182,0.732199,0.301815,0.998383
5.0,-20.0,0.0,unit_cosine_hamming,-6.669386,6.669386,-3.407909,13.978309,-17.386217,-7.672823,7.672823,-3.539771,-17.518080,-9.355886,-13.978309,0.226984,0.024145,0.998383
5.0,-20.0,0.0,optimized_dbc_margin,-12.124656,12.124656,2.047362,1.009121,1.038241,-12.502445,12.502445,1.289850,0.280729,-14.199105,-1.009121,0.746568,0.000000,1.000000
5.0,-20.0,0.0,optimized_table,-13.937268,13.937268,3.859974,6.020615,-2.160642,-14.391844,14.391844,3.179249,-2.841367,-15.740851,-6.020615,0.475494,0.000000,1.000000
5.0,-20.0,0.0,optimized_aggressive,-13.235604,13.235604,3.158310,12.041199,-8.882890,-14.139084,14.139084,2.926489,-9.114710,-15.470260,-12.041199,0.311245,0.000000,1.000000
5.0,-14.999999999999998,0.0,uniform,-9.561997,9.561997,0.000000,0.000000,0.000000,-10.656408,10.656408,0.000000,0.000000,-12.832111,0.000000,1.000000,1.000000,1.000000
5.0,-14.999999999999998,0.0,unit_cosine,-8.217203,8.217203,-1.344794,2.486299,-3.831093,-10.208595,10.208595,-0.447813,-2.934113,-12.558014,-2.486299,0.752715,0.362500,0.985518
5.0,-14.999999999999998,0.0,unit_cosine_hamming,-7.426539,7.426539,-2.135458,12.658568,-14.794026,-8.015575,8.015575,-2.640834,-15.299402,-9.860681,-12.658568,0.233344,0.029000,0.985518
5.0,-14.999999999999998,0.0,optimized_dbc_margin,-11.823594,11.823594,2.261596,1.382075,0.879521,-12.665272,12.665272,2.008863,0.626788,-14.627703,-1.382075,0.791503,0.000000,1.000000
5.0,-14.999999999999998,0.0,optimized_table,-12.223446,12.223446,2.661449,6.020609,-3.359160,-13.559089,13.559089,2.902680,-3.117929,-15.951838,-6.020609,0.515603,0.000000,1.000000
5.0,-14.999999999999998,0.0,optimized_aggressive,-11.928468,11.928468,2.366471,12.041201,-9.674731,-13.644403,13.644403,2.987995,-9.053207,-16.044179,-12.041201,0.335586,0.000000,1.000000
5.0,-10.0,0.0,uniform,-9.251666,9.251666,0.000000,0.000000,0.000000,-10.447327,10.447327,0.000000,0.000000,-13.085375,0.000000,1.000000,1.000000,1.000000
5.0,-10.0,0.0,unit_cosine,-8.723831,8.723831,-0.527835,1.514982,-2.042817,-10.628141,10.628141,0.180813,-1.334169,-12.727801,-1.514982,0.767833,0.429641,0.974369
5.0,-10.0,0.0,unit_cosine_hamming,-8.044725,8.044725,-1.206941,11.687221,-12.894163,-8.614544,8.614544,-1.832783,-13.520004,-10.086119,-11.687221,0.238031,0.034371,0.974369
5.0,-10.0,0.0,optimized_dbc_margin,-11.837682,11.837682,2.586016,1.255067,1.330949,-12.669169,12.669169,2.221842,0.966775,-14.540838,-1.255067,0.798383,0.000000,1.000000
5.0,-10.0,0.0,optimized_table,-12.497213,12.497213,3.245547,6.020604,-2.775057,-13.847549,13.847549,3.400221,-2.620382,-15.956729,-6.020604,0.518158,0.000000,1.000000
5.0,-10.0,0.0,optimized_aggressive,-12.037669,12.037669,2.786003,12.041205,-9.255201,-13.770267,13.770267,3.322940,-8.718265,-16.732588,-12.041205,0.334268,0.000000,1.000000
5.0,-5.0,0.0,uniform,-9.341371,9.341371,0.000000,0.000000,0.000000,-10.546325,10.546325,0.000000,0.000000,-13.162164,0.000000,1.000000,1.000000,1.000000
5.0,-5.0,0.0,unit_cosine,-9.162023,9.162023,-0.179348,0.888322,-1.067669,-10.557250,10.557250,0.010924,-0.877397,-13.114510,-0.888322,0.777091,0.501200,0.993543
5.0,-5.0,0.0,unit_cosine_hamming,-8.455860,8.455860,-0.885510,11.060530,-11.946041,-8.782719,8.782719,-1.763606,-12.824136,-10.256273,-11.060530,0.240901,0.040096,0.993543
5.0,-5.0,0.0,optimized_dbc_margin,-11.525589,11.525589,2.184218,1.025696,1.158522,-12.438385,12.438385,1.892060,0.866364,-14.249230,-1.025696,0.805702,0.000000,1.000000
5.0,-5.0,0.0,optimized_table,-12.926363,12.926363,3.584992,6.020600,-2.435608,-13.488345,13.488345,2.942019,-3.078581,-15.105142,-6.020600,0.476430,0.000000,1.000000
5.0,-5.0,0.0,optimized_aggressive,-11.607127,11.607127,2.265756,12.041203,-9.775447,-13.241196,13.241196,2.694871,-9.346332,-14.832220,-12.041203,0.300197,0.000000,1.000000
5.0,0.0,0.0,uniform,-9.055956,9.055956,0.000000,0.000000,0.000000,-10.273947,10.273947,0.000000,0.000000,-13.182876,0.000000,1.000000,1.000000,1.000000
5.0,0.0,0.0,unit_cosine,-9.435421,9.435421,0.379465,0.698814,-0.319349,-10.588224,10.588224,0.314277,-0.384536,-13.362391,-0.698814,0.780208,0.575000,1.000000
5.0,0.0,0.0,unit_cosine_hamming,-8.340409,8.340409,-0.715547,10.870939,-11.586487,-8.726802,8.726802,-1.547145,-12.418084,-10.054251,-10.870939,0.241867,0.046000,1.000000
5.0,0.0,0.0,optimized_dbc_margin,-10.721650,10.721650,1.665694,0.926570,0.739124,-11.796849,11.796849,1.522902,0.596332,-13.816060,-0.926570,0.774834,0.000000,1.000000
5.0,0.0,0.0,optimized_table,-11.546057,11.546057,2.490102,6.020602,-3.530500,-12.690868,12.690868,2.416921,-3.603681,-14.774987,-6.020602,0.472596,0.000000,1.000000
5.0,0.0,0.0,optimized_aggressive,-11.546057,11.546057,2.490102,6.020602,-3.530500,-12.690868,12.690868,2.416921,-3.603681,-14.774987,-6.020602,0.472596,0.000000,1.000000
5.0,5.0,0.0,uniform,-8.882827,8.882827,0.000000,0.000000,0.000000,-10.316598,10.316598,0.000000,0.000000,-13.236231,0.000000,1.000000,1.000000,1.000000
5.0,5.0,0.0,unit_cosine,-9.318441,9.318441,0.435615,0.888322,-0.452707,-10.621927,10.621927,0.305328,-0.582993,-13.137849,-0.888322,0.777091,0.501200,0.993543
5.0,5.0,0.0,unit_cosine_hamming,-8.359579,8.359579,-0.523247,11.060530,-11.583777,-8.779885,8.779885,-1.536713,-12.597243,-10.227579,-11.060530,0.240901,0.040096,0.993543
5.0,5.0,0.0,optimized_dbc_margin,-11.246243,11.246243,2.363417,0.954667,1.408750,-12.437490,12.437490,2.120892,1.166225,-13.870392,-0.954667,0.776744,0.000000,1.000000
5.0,5.0,0.0,optimized_table,-11.933944,11.933944,3.051117,6.020609,-2.969492,-13.478536,13.478536,3.161937,-2.858672,-14.940968,-6.020609,0.462013,0.000000,1.000000
5.0,5.0,0.0,optimized_aggressive,-11.642497,11.642497,2.759670,12.041222,-9.281552,-12.891707,12.891707,2.575109,-9.466113,-14.712435,-12.041222,0.292198,0.000000,1.000000
5.0,10.0,0.0,uniform,-9.529098,9.529098,0.000000,0.000000,0.000000,-10.520584,10.520584,0.000000,0.000000,-13.132463,0.000000,1.000000,1.000000,1.000000
5.0,10.0,0.0,unit_cosine,-8.686278,8.686278,-0.842820,1.514982,-2.357802,-10.738385,10.738385,0.217800,-1.297182,-12.714420,-1.514982,0.767833,0.429641,0.974369
5.0,10.0,0.0,unit_cosine_hamming,-8.044725,8.044725,-1.484374,11.687221,-13.171595,-8.646640,8.646640,-1.873944,-13.561166,-10.158109,-11.687221,0.238031,0.034371,0.974369
5.0,10.0,0.0,optimized_dbc_margin,-11.953670,11.953670,2.424571,1.220271,1.204301,-12.881874,12.881874,2.361290,1.141019,-14.424472,-1.220271,0.796932,0.000000,1.000000
5.0,10.0,0.0,optimized_table,-12.986088,12.986088,3.456990,6.020607,-2.563617,-13.985948,13.985948,3.465364,-2.555243,-15.379067,-6.020607,0.496660,0.000000,1.000000
5.0,10.0,0.0,optimized_aggressive,-12.007157,12.007157,2.478059,12.041198,-9.563139,-13.515060,13.515060,2.994476,-9.046722,-15.438346,-12.041198,0.313817,0.000000,1.000000
5.0,14.999999999999998,0.0,uniform,-9.841961,9.841961,0.000000,0.000000,0.000000,-10.584333,10.584333,0.000000,0.000000,-12.767440,0.000000,1.000000,1.000000,1.000000
5.0,14.999999999999998,0.0,unit_cosine,-8.376675,8.376675,-1.465286,2.486299,-3.951585,-10.066910,10.066910,-0.517423,-3.003722,-12.459285,-2.486299,0.752715,0.362500,0.985518
5.0,14.999999999999998,0.0,unit_cosine_hamming,-7.426539,7.426539,-2.415422,12.658568,-15.073990,-8.027971,8.027971,-2.556362,-15.214930,-9.864541,-12.658568,0.233344,0.029000,0.985518
5.0,14.999999999999998,0.0,optimized_dbc_margin,-11.814168,11.814168,1.972207,1.416779,0.555428,-12.642986,12.642986,2.058653,0.641874,-14.350783,-1.416779,0.780106,0.000000,1.000000
5.0,14.999999999999998,0.0,optimized_table,-13.580962,13.580962,3.739000,6.020602,-2.281601,-14.100599,14.100599,3.516266,-2.504336,-15.421943,-6.020602,0.505325,0.000000,0.999981
5.0,14.999999999999998,0.0,optimized_aggressive,-13.453270,13.453270,3.611309,12.041209,-8.429900,-13.978069,13.978069,3.393736,-8.647473,-15.692091,-12.041209,0.317340,0.000000,1.000000
5.0,20.0,0.0,uniform,-10.047203,10.047203,0.000000,0.000000,0.000000,-11.223847,11.223847,0.000000,0.000000,-12.563963,0.000000,1.000000,1.000000,1.000000
5.0,20.0,0.0,unit_cosine,-8.133307,8.133307,-1.913896,3.806182,-5.720077,-9.783722,9.783722,-1.440125,-5.246306,-12.280021,-3.806182,0.732199,0.301815,0.998383
5.0,20.0,0.0,unit_cosine_hamming,-6.618473,6.618473,-3.428730,13.978309,-17.407039,-7.674886,7.674886,-3.548961,-17.527270,-9.408214,-13.978309,0.226984,0.024145,0.998383
5.0,20.0,0.0,optimized_dbc_margin,-12.024553,12.024553,1.977350,1.211822,0.765528,-12.743970,12.743970,1.520123,0.308301,-14.324487,-1.211822,0.736392,0.000000,1.000000
5.0,20.0,0.0,optimized_table,-13.101521,13.101521,3.054318,6.020602,-2.966284,-14.123137,14.123137,2.899290,-3.121312,-15.900659,-6.020602,0.491166,0.000000,1.000000
5.0,20.0,0.0,optimized_aggressive,-13.225607,13.225607,3.178404,12.041202,-8.862798,-13.888029,13.888029,2.664182,-9.377019,-15.843051,-12.041202,0.312148,0.000000,1.000000
5.0,25.0,0.0,uniform,-10.483768,10.483768,0.000000,0.000000,0.000000,-11.844675,11.844675,0.000000,0.000000,-13.231253,0.000000,1.000000,1.000000,1.000000
5.0,25.0,0.0,unit_cosine,-8.594135,8.594135,-1.889633,5.091992,-6.981625,-9.700143,9.700143,-2.144532,-7.236524,-12.361729,-5.091992,0.706905,0.249431,0.998383
5.0,25.0,0.0,unit_cosine_hamming,-6.853485,6.853485,-3.630283,15.264209,-18.894491,-8.773525,8.773525,-3.071150,-18.335359,-9.863489,-15.264209,0.219143,0.019954,0.998383
5.0,25.0,0.0,optimized_dbc_margin,-12.918353,12.918353,2.434585,1.587788,0.846797,-13.697684,13.697684,1.853009,0.265221,-14.470997,-1.587788,0.804765,0.000000,1.000000
5.0,25.0,0.0,optimized_table,-12.856218,12.856218,2.372451,6.020612,-3.648161,-14.035943,14.035943,2.191268,-3.829343,-15.571248,-6.020612,0.544215,0.000000,1.000000
5.0,25.0,0.0,optimized_aggressive,-12.772617,12.772617,2.288850,12.041215,-9.752366,-13.758301,13.758301,1.913626,-10.127590,-15.130745,-12.041215,0.344715,0.000000,1.000000
5.0,29.999999999999996,0.0,uniform,-10.687394,10.687394,0.000000,0.000000,0.000000,-11.571558,11.571558,0.000000,0.000000,-13.236825,0.000000,1.000000,1.000000,1.000000
5.0,29.999999999999996,0.0,unit_cosine,-8.424578,8.424578,-2.262815,6.564714,-8.827530,-9.763087,9.763087,-1.808471,-8.373185,-12.614445,-6.564714,0.677604,0.206939,0.985518
5.0,29.999999999999996,0.0,unit_cosine_hamming,-7.963972,7.963972,-2.723422,16.737025,-19.460447,-8.563360,8.563360,-3.008197,-19.745222,-10.616342,-16.737025,0.210060,0.016555,0.985518
5.0,29.999999999999996,0.0,optimized_dbc_margin,-12.845986,12.845986,2.158592,1.450948,0.707644,-13.928150,13.928150,2.356593,0.905645,-14.684784,-1.450948,0.846864,0.000000,1.000000
5.0,29.999999999999996,0.0,optimized_table,-13.614152,13.614152,2.926758,6.020609,-3.093850,-14.502545,14.502545,2.930987,-3.089621,-15.737286,-6.020609,0.577162,0.000000,1.000000
5.0,29.999999999999996,0.0,optimized_aggressive,-12.491455,12.491455,1.804061,12.041201,-10.237141,-14.078003,14.078003,2.506445,-9.534756,-15.601159,-12.041201,0.382066,0.000000,1.000000
