distance_m,az_deg,el_deg,mode,peak_offset_az_deg,peak_offset_el_deg,peak_offset_deg,peak_db,max_sidelobe_offset_az_deg,max_sidelobe_offset_el_deg,max_sidelobe_offset_deg,max_sidelobe_db,peak_direction_pass
0.5,-29.999999999999996,0.0,uniform,0.000000,0.000000,0.000000,0.000000,11.454545,-18.000000,21.335572,-11.256452,1
0.5,-29.999999999999996,0.0,unit_cosine,0.000000,0.000000,0.000000,0.000000,11.454545,-18.000000,21.335572,-9.789519,1
0.5,-29.999999999999996,0.0,unit_cosine_hamming,0.000000,0.000000,0.000000,0.000000,9.818182,0.000000,9.818182,-5.461908,1
0.5,-29.999999999999996,0.0,optimized_dbc_margin,0.000000,0.000000,0.000000,0.000000,9.818182,-18.000000,20.503578,-13.825159,1
0.5,-29.999999999999996,0.0,optimized_table,0.000000,0.000000,0.000000,0.000000,-8.181818,0.000000,8.181818,-13.012277,1
0.5,-29.999999999999996,0.0,optimized_aggressive,0.000000,0.000000,0.000000,0.000000,-8.181818,0.000000,8.181818,-11.712967,1
0.5,-25.0,0.0,uniform,0.000000,0.000000,0.000000,0.000000,-18.000000,-14.727273,23.257097,-11.667996,1
0.5,-25.0,0.0,unit_cosine,0.000000,0.000000,0.000000,0.000000,9.818182,-18.000000,20.503578,-10.186396,1
0.5,-25.0,0.0,unit_cosine_hamming,0.000000,0.000000,0.000000,0.000000,9.818182,0.000000,9.818182,-5.520479,1
0.5,-25.0,0.0,optimized_dbc_margin,0.000000,0.000000,0.000000,0.000000,9.818182,-18.000000,20.503578,-13.106087,1
0.5,-25.0,0.0,optimized_table,0.000000,0.000000,0.000000,0.000000,0.000000,8.181818,8.181818,-13.896502,1
0.5,-25.0,0.0,optimized_aggressive,0.000000,0.000000,0.000000,0.000000,-8.181818,0.000000,8.181818,-13.036741,1
0.5,-20.0,0.0,uniform,0.000000,0.000000,0.000000,0.000000,-18.000000,-14.727273,23.257097,-11.176398,1
0.5,-20.0,0.0,unit_cosine,0.000000,0.000000,0.000000,0.000000,9.818182,-18.000000,20.503578,-10.355588,1
0.5,-20.0,0.0,unit_cosine_hamming,0.000000,0.000000,0.000000,0.000000,0.000000,8.181818,8.181818,-5.594563,1
0.5,-20.0,0.0,optimized_dbc_margin,0.000000,0.000000,0.000000,0.000000,9.818182,-18.000000,20.503578,-12.881229,1
0.5,-20.0,0.0,optimized_table,0.000000,0.000000,0.000000,0.000000,0.000000,8.181818,8.181818,-13.544101,1
0.5,-20.0,0.0,optimized_aggressive,0.000000,0.000000,0.000000,0.000000,0.000000,8.181818,8.181818,-14.061356,1
0.5,-14.999999999999998,0.0,uniform,0.000000,0.000000,0.000000,0.000000,-18.000000,-14.727273,23.257097,-10.792313,1
0.5,-14.999999999999998,0.0,unit_cosine,0.000000,0.000000,0.000000,0.000000,9.818182,-18.000000,20.503578,-10.450471,1
0.5,-14.999999999999998,0.0,unit_cosine_hamming,0.000000,0.000000,0.000000,0.000000,0.000000,8.181818,8.181818,-5.518115,1
0.5,-14.999999999999998,0.0,optimized_dbc_margin,0.000000,0.000000,0.000000,0.000000,9.818182,-18.000000,20.503578,-12.439655,1
0.5,-14.999999999999998,0.0,optimized_table,0.000000,0.000000,0.000000,0.000000,0.000000,-8.181818,8.181818,-13.147016,1
0.5,-14.999999999999998,0.0,optimized_aggressive,0.000000,0.000000,0.000000,0.000000,0.000000,-8.181818,8.181818,-13.432478,1
0.5,-10.0,0.0,uniform,0.000000,0.000000,0.000000,0.000000,-18.000000,-14.727273,23.257097,-10.426554,1
0.5,-10.0,0.0,unit_cosine,0.000000,0.000000,0.000000,0.000000,9.818182,-18.000000,20.503578,-10.512876,1
0.5,-10.0,0.0,unit_cosine_hamming,0.000000,0.000000,0.000000,0.000000,0.000000,8.181818,8.181818,-5.475927,1
0.5,-10.0,0.0,optimized_dbc_margin,0.000000,0.000000,0.000000,0.000000,9.818182,-18.000000,20.503578,-11.944940,1
0.5,-10.0,0.0,optimized_table,0.000000,0.000000,0.000000,0.000000,0.000000,8.181818,8.181818,-12.752853,1
0.5,-10.0,0.0,optimized_aggressive,0.000000,0.000000,0.000000,0.000000,0.000000,8.181818,8.181818,-12.906540,1
0.5,-5.0,0.0,uniform,0.000000,0.000000,0.000000,0.000000,-18.000000,-14.727273,23.257097,-10.526567,1
0.5,-5.0,0.0,unit_cosine,0.000000,0.000000,0.000000,0.000000,18.000000,14.727273,23.257097,-10.821385,1
0.5,-5.0,0.0,unit_cosine_hamming,0.000000,0.000000,0.000000,0.000000,0.000000,8.181818,8.181818,-5.488940,1
0.5,-5.0,0.0,optimized_dbc_margin,0.000000,0.000000,0.000000,0.000000,9.818182,-18.000000,20.503578,-12.076619,1
0.5,-5.0,0.0,optimized_table,0.000000,0.000000,0.000000,0.000000,0.000000,8.181818,8.181818,-12.850634,1
0.5,-5.0,0.0,optimized_aggressive,0.000000,0.000000,0.000000,0.000000,0.000000,8.181818,8.181818,-12.716311,1
0.5,0.0,0.0,uniform,0.000000,0.000000,0.000000,0.000000,18.000000,14.727273,23.257097,-10.614869,1
0.5,0.0,0.0,unit_cosine,0.000000,0.000000,0.000000,0.000000,18.000000,14.727273,23.257097,-10.893799,1
0.5,0.0,0.0,unit_cosine_hamming,0.000000,0.000000,0.000000,0.000000,0.000000,8.181818,8.181818,-5.487152,1
0.5,0.0,0.0,optimized_dbc_margin,0.000000,0.000000,0.000000,0.000000,9.818182,-18.000000,20.503578,-12.775775,1
0.5,0.0,0.0,optimized_table,0.000000,0.000000,0.000000,0.000000,0.000000,8.181818,8.181818,-12.703083,1
0.5,0.0,0.0,optimized_aggressive,0.000000,0.000000,0.000000,0.000000,0.000000,8.181818,8.181818,-12.609843,1
0.5,5.0,0.0,uniform,0.000000,0.000000,0.000000,0.000000,18.000000,14.727273,23.257097,-9.926503,1
0.5,5.0,0.0,unit_cosine,0.000000,0.000000,0.000000,0.000000,18.000000,14.727273,23.257097,-10.950673,1
0.5,5.0,0.0,unit_cosine_hamming,0.000000,0.000000,0.000000,0.000000,0.000000,8.181818,8.181818,-5.491561,1
0.5,5.0,0.0,optimized_dbc_margin,0.000000,0.000000,0.000000,0.000000,-9.818182,18.000000,20.503578,-13.328421,1
0.5,5.0,0.0,optimized_table,0.000000,0.000000,0.000000,0.000000,0.000000,8.181818,8.181818,-12.919671,1
0.5,5.0,0.0,optimized_aggressive,0.000000,0.000000,0.000000,0.000000,0.000000,8.181818,8.181818,-12.839880,1
0.5,10.0,0.0,uniform,0.000000,0.000000,0.000000,0.000000,18.000000,14.727273,23.257097,-9.776528,1
0.5,10.0,0.0,unit_cosine,0.000000,0.000000,0.000000,0.000000,-18.000000,-14.727273,23.257097,-10.868999,1
0.5,10.0,0.0,unit_cosine_hamming,0.000000,0.000000,0.000000,0.000000,0.000000,-8.181818,8.181818,-5.480852,1
0.5,10.0,0.0,optimized_dbc_margin,0.000000,0.000000,0.000000,0.000000,-9.818182,18.000000,20.503578,-13.256834,1
0.5,10.0,0.0,optimized_table,0.000000,0.000000,0.000000,0.000000,0.000000,-8.181818,8.181818,-13.046560,1
0.5,10.0,0.0,optimized_aggressive,0.000000,0.000000,0.000000,0.000000,0.000000,8.181818,8.181818,-12.944127,1
0.5,14.999999999999998,0.0,uniform,0.000000,0.000000,0.000000,0.000000,18.000000,14.727273,23.257097,-10.519359,1
0.5,14.999999999999998,0.0,unit_cosine,0.000000,0.000000,0.000000,0.000000,-18.000000,-14.727273,23.257097,-11.073711,1
0.5,14.999999999999998,0.0,unit_cosine_hamming,0.000000,0.000000,0.000000,0.000000,0.000000,-8.181818,8.181818,-5.521997,1
0.5,14.999999999999998,0.0,optimized_dbc_margin,0.000000,0.000000,0.000000,0.000000,-9.818182,18.000000,20.503578,-13.703863,1
0.5,14.999999999999998,0.0,optimized_table,0.000000,0.000000,0.000000,0.000000,0.000000,-8.181818,8.181818,-13.192386,1
0.5,14.999999999999998,0.0,optimized_aggressive,0.000000,0.000000,0.000000,0.000000,0.000000,-8.181818,8.181818,-13.452015,1
0.5,20.0,0.0,uniform,0.000000,0.000000,0.000000,0.000000,18.000000,14.727273,23.257097,-11.564856,1
0.5,20.0,0.0,unit_cosine,0.000000,0.000000,0.000000,0.000000,-18.000000,-14.727273,23.257097,-11.191476,1
0.5,20.0,0.0,unit_cosine_hamming,0.000000,0.000000,0.000000,0.000000,0.000000,-8.181818,8.181818,-5.598638,1
0.5,20.0,0.0,optimized_dbc_margin,0.000000,0.000000,0.000000,0.000000,8.181818,-18.000000,19.772257,-13.902229,1
0.5,20.0,0.0,optimized_table,0.000000,0.000000,0.000000,0.000000,0.000000,-8.181818,8.181818,-13.598397,1
0.5,20.0,0.0,optimized_aggressive,0.000000,0.000000,0.000000,0.000000,0.000000,-8.181818,8.181818,-14.193313,1
0.5,25.0,0.0,uniform,0.000000,0.000000,0.000000,0.000000,18.000000,14.727273,23.257097,-11.934053,1
0.5,25.0,0.0,unit_cosine,0.000000,0.000000,0.000000,0.000000,-9.818182,18.000000,20.503578,-10.893214,1
0.5,25.0,0.0,unit_cosine_hamming,0.000000,0.000000,0.000000,0.000000,-9.818182,0.000000,9.818182,-5.520479,1
0.5,25.0,0.0,optimized_dbc_margin,0.000000,0.000000,0.000000,0.000000,-9.818182,18.000000,20.503578,-14.067898,1
0.5,25.0,0.0,optimized_table,0.000000,0.000000,0.000000,0.000000,0.000000,-8.181818,8.181818,-13.872635,1
0.5,25.0,0.0,optimized_aggressive,0.000000,0.000000,0.000000,0.000000,8.181818,0.000000,8.181818,-12.486677,1
0.5,29.999999999999996,0.0,uniform,0.000000,0.000000,0.000000,0.000000,18.000000,14.727273,23.257097,-12.080741,1
0.5,29.999999999999996,0.0,unit_cosine,0.000000,0.000000,0.000000,0.000000,-9.818182,18.000000,20.503578,-10.980184,1
0.5,29.999999999999996,0.0,unit_cosine_hamming,0.000000,0.000000,0.000000,0.000000,-9.818182,0.000000,9.818182,-5.461908,1
0.5,29.999999999999996,0.0,optimized_dbc_margin,0.000000,0.000000,0.000000,0.000000,8.181818,0.000000,8.181818,-13.747226,1
0.5,29.999999999999996,0.0,optimized_table,0.000000,0.000000,0.000000,0.000000,8.181818,0.000000,8.181818,-14.047063,1
0.5,29.999999999999996,0.0,optimized_aggressive,0.000000,0.000000,0.000000,0.000000,8.181818,0.000000,8.181818,-13.392546,1
1.0,-29.999999999999996,0.0,uniform,0.000000,0.000000,0.000000,0.000000,18.000000,13.090909,22.256952,-9.004806,1
1.0,-29.999999999999996,0.0,unit_cosine,0.000000,0.000000,0.000000,0.000000,18.000000,13.090909,22.256952,-6.899147,1
1.0,-29.999999999999996,0.0,unit_cosine_hamming,0.000000,0.000000,0.000000,0.000000,18.000000,14.727273,23.257097,-7.086742,1
1.0,-29.999999999999996,0.0,optimized_dbc_margin,0.000000,0.000000,0.000000,0.000000,9.818182,-16.363636,19.083115,-11.560778,1
1.0,-29.999999999999996,0.0,optimized_table,0.000000,0.000000,0.000000,0.000000,9.818182,-16.363636,19.083115,-13.442590,1
1.0,-29.999999999999996,0.0,optimized_aggressive,0.000000,0.000000,0.000000,0.000000,9.818182,-16.363636,19.083115,-12.779311,1
1.0,-25.0,0.0,uniform,0.000000,0.000000,0.000000,0.000000,18.000000,13.090909,22.256952,-9.185426,1
1.0,-25.0,0.0,unit_cosine,0.000000,0.000000,0.000000,0.000000,18.000000,13.090909,22.256952,-6.767685,1
1.0,-25.0,0.0,unit_cosine_hamming,0.000000,0.000000,0.000000,0.000000,18.000000,-18.000000,25.455844,-6.343415,1
1.0,-25.0,0.0,optimized_dbc_margin,0.000000,0.000000,0.000000,0.000000,9.818182,-16.363636,19.083115,-12.618978,1
1.0,-25.0,0.0,optimized_table,0.000000,0.000000,0.000000,0.000000,9.818182,18.000000,20.503578,-13.819790,1
1.0,-25.0,0.0,optimized_aggressive,0.000000,0.000000,0.000000,0.000000,9.818182,18.000000,20.503578,-13.478939,1
1.0,-20.0,0.0,uniform,0.000000,0.000000,0.000000,0.000000,18.000000,13.090909,22.256952,-10.083287,1
1.0,-20.0,0.0,unit_cosine,0.000000,0.000000,0.000000,0.000000,18.000000,13.090909,22.256952,-7.976202,1
1.0,-20.0,0.0,unit_cosine_hamming,0.000000,0.000000,0.000000,0.000000,8.181818,0.000000,8.181818,-6.055112,1
1.0,-20.0,0.0,optimized_dbc_margin,0.000000,0.000000,0.000000,0.000000,16.363636,11.454545,19.974364,-12.432229,1
1.0,-20.0,0.0,optimized_table,0.000000,0.000000,0.000000,0.000000,1.636364,18.000000,18.074227,-13.814306,1
1.0,-20.0,0.0,optimized_aggressive,0.000000,0.000000,0.000000,0.000000,1.636364,18.000000,18.074227,-13.979759,1
1.0,-14.999999999999998,0.0,uniform,0.000000,0.000000,0.000000,0.000000,-16.363636,-13.090909,20.955679,-10.173246,1
1.0,-14.999999999999998,0.0,unit_cosine,0.000000,0.000000,0.000000,0.000000,16.363636,13.090909,20.955679,-8.614255,1
1.0,-14.999999999999998,0.0,unit_cosine_hamming,0.000000,0.000000,0.000000,0.000000,8.181818,0.000000,8.181818,-6.008537,1
1.0,-14.999999999999998,0.0,optimized_dbc_margin,0.000000,0.000000,0.000000,0.000000,16.363636,11.454545,19.974364,-12.484915,1
1.0,-14.999999999999998,0.0,optimized_table,0.000000,0.000000,0.000000,0.000000,16.363636,13.090909,20.955679,-14.388189,1
1.0,-14.999999999999998,0.0,optimized_aggressive,0.000000,0.000000,0.000000,0.000000,-14.727273,14.727273,20.827509,-13.212638,1
1.0,-10.0,0.0,uniform,0.000000,0.000000,0.000000,0.000000,-16.363636,-13.090909,20.955679,-9.793031,1
1.0,-10.0,0.0,unit_cosine,0.000000,0.000000,0.000000,0.000000,16.363636,13.090909,20.955679,-9.010407,1
1.0,-10.0,0.0,unit_cosine_hamming,0.000000,0.000000,0.000000,0.000000,8.181818,0.000000,8.181818,-6.187212,1
1.0,-10.0,0.0,optimized_dbc_margin,0.000000,0.000000,0.000000,0.000000,16.363636,13.090909,20.955679,-12.464301,1
1.0,-10.0,0.0,optimized_table,0.000000,0.000000,0.000000,0.000000,-8.181818,18.000000,19.772257,-13.623201,1
1.0,-10.0,0.0,optimized_aggressive,0.000000,0.000000,0.000000,0.000000,-14.727273,14.727273,20.827509,-12.982867,1
1.0,-5.0,0.0,uniform,0.000000,0.000000,0.000000,0.000000,-16.363636,13.090909,20.955679,-9.436843,1
1.0,-5.0,0.0,unit_cosine,0.000000,0.000000,0.000000,0.000000,16.363636,13.090909,20.955679,-9.218642,1
1.0,-5.0,0.0,unit_cosine_hamming,0.000000,0.000000,0.000000,0.000000,8.181818,0.000000,8.181818,-6.289380,1
1.0,-5.0,0.0,optimized_dbc_margin,0.000000,0.000000,0.000000,0.000000,-16.363636,-13.090909,20.955679,-12.027497,1
1.0,-5.0,0.0,optimized_table,0.000000,0.000000,0.000000,0.000000,-16.363636,-13.090909,20.955679,-13.251947,1
1.0,-5.0,0.0,optimized_aggressive,0.000000,0.000000,0.000000,0.000000,-16.363636,-13.090909,20.955679,-13.000331,1
1.0,0.0,0.0,uniform,0.000000,0.000000,0.000000,0.000000,16.363636,13.090909,20.955679,-8.855015,1
1.0,0.0,0.0,unit_cosine,0.000000,0.000000,0.000000,0.000000,16.363636,13.090909,20.955679,-9.383205,1
1.0,0.0,0.0,unit_cosine_hamming,0.000000,0.000000,0.000000,0.000000,-8.181818,0.000000,8.181818,-6.325021,1
1.0,0.0,0.0,optimized_dbc_margin,0.000000,0.000000,0.000000,0.000000,16.363636,13.090909,20.955679,-11.555333,1
1.0,0.0,0.0,optimized_table,0.000000,0.000000,0.000000,0.000000,-16.363636,-13.090909,20.955679,-11.938179,1
1.0,0.0,0.0,optimized_aggressive,0.000000,0.000000,0.000000,0.000000,-16.363636,-13.090909,20.955679,-11.938179,1
1.0,5.0,0.0,uniform,0.000000,0.000000,0.000000,0.000000,16.363636,13.090909,20.955679,-8.741131,1
1.0,5.0,0.0,unit_cosine,0.000000,0.000000,0.000000,0.000000,-16.363636,-13.090909,20.955679,-9.423160,1
1.0,5.0,0.0,unit_cosine_hamming,0.000000,0.000000,0.000000,0.000000,-8.181818,0.000000,8.181818,-6.289380,1
1.0,5.0,0.0,optimized_dbc_margin,0.000000,0.000000,0.000000,0.000000,16.363636,13.090909,20.955679,-11.115246,1
1.0,5.0,0.0,optimized_table,0.000000,0.000000,0.000000,0.000000,-16.363636,-13.090909,20.955679,-12.455225,1
1.0,5.0,0.0,optimized_aggressive,0.000000,0.000000,0.000000,0.000000,16.363636,13.090909,20.955679,-12.108073,1
1.0,10.0,0.0,uniform,0.000000,0.000000,0.000000,0.000000,16.363636,13.090909,20.955679,-9.291781,1
1.0,10.0,0.0,unit_cosine,0.000000,0.000000,0.000000,0.000000,-16.363636,-13.090909,20.955679,-9.223531,1
1.0,10.0,0.0,unit_cosine_hamming,0.000000,0.000000,0.000000,0.000000,-8.181818,0.000000,8.181818,-6.187212,1
1.0,10.0,0.0,optimized_dbc_margin,0.000000,0.000000,0.000000,0.000000,8.181818,-16.363636,18.295102,-11.853404,1
1.0,10.0,0.0,optimized_table,0.000000,0.000000,0.000000,0.000000,16.363636,13.090909,20.955679,-13.721620,1
1.0,10.0,0.0,optimized_aggressive,0.000000,0.000000,0.000000,0.000000,16.363636,13.090909,20.955679,-13.033082,1
1.0,14.999999999999998,0.0,uniform,0.000000,0.000000,0.000000,0.000000,16.363636,13.090909,20.955679,-10.429347,1
1.0,14.999999999999998,0.0,unit_cosine,0.000000,0.000000,0.000000,0.000000,-16.363636,-13.090909,20.955679,-8.819833,1
1.0,14.999999999999998,0.0,unit_cosine_hamming,0.000000,0.000000,0.000000,0.000000,-8.181818,0.000000,8.181818,-6.008537,1
1.0,14.999999999999998,0.0,optimized_dbc_margin,0.000000,0.000000,0.000000,0.000000,8.181818,-16.363636,18.295102,-12.619495,1
1.0,14.999999999999998,0.0,optimized_table,0.000000,0.000000,0.000000,0.000000,8.181818,-18.000000,19.772257,-14.123349,1
1.0,14.999999999999998,0.0,optimized_aggressive,0.000000,0.000000,0.000000,0.000000,9.818182,1.636364,9.953611,-12.924050,1
1.0,20.0,0.0,uniform,0.000000,0.000000,0.000000,0.000000,-18.000000,-13.090909,22.256952,-10.289051,1
1.0,20.0,0.0,unit_cosine,0.000000,0.000000,0.000000,0.000000,-18.000000,-13.090909,22.256952,-8.099194,1
1.0,20.0,0.0,unit_cosine_hamming,0.000000,0.000000,0.000000,0.000000,-8.181818,0.000000,8.181818,-6.055112,1
1.0,20.0,0.0,optimized_dbc_margin,0.000000,0.000000,0.000000,0.000000,8.181818,-16.363636,18.295102,-12.365960,1
1.0,20.0,0.0,optimized_table,0.000000,0.000000,0.000000,0.000000,8.181818,-16.363636,18.295102,-13.595577,1
1.0,20.0,0.0,optimized_aggressive,0.000000,0.000000,0.000000,0.000000,14.727273,13.090909,19.704427,-13.373622,1
1.0,25.0,0.0,uniform,0.000000,0.000000,0.000000,0.000000,-18.000000,-13.090909,22.256952,-9.556375,1
1.0,25.0,0.0,unit_cosine,0.000000,0.000000,0.000000,0.000000,-18.000000,-13.090909,22.256952,-7.080340,1
1.0,25.0,0.0,unit_cosine_hamming,0.000000,0.000000,0.000000,0.000000,-18.000000,18.000000,25.455844,-6.347512,1
1.0,25.0,0.0,optimized_dbc_margin,0.000000,0.000000,0.000000,0.000000,8.181818,-16.363636,18.295102,-13.078957,1
1.0,25.0,0.0,optimized_table,0.000000,0.000000,0.000000,0.000000,8.181818,-16.363636,18.295102,-13.884734,1
1.0,25.0,0.0,optimized_aggressive,0.000000,0.000000,0.000000,0.000000,8.181818,-16.363636,18.295102,-14.234382,1
1.0,29.999999999999996,0.0,uniform,0.000000,0.000000,0.000000,0.000000,-18.000000,-13.090909,22.256952,-9.482604,1
1.0,29.999999999999996,0.0,unit_cosine,0.000000,0.000000,0.000000,0.000000,-18.000000,-13.090909,22.256952,-7.390465,1
1.0,29.999999999999996,0.0,unit_cosine_hamming,0.000000,0.000000,0.000000,0.000000,-18.000000,18.000000,25.455844,-6.906896,1
1.0,29.999999999999996,0.0,optimized_dbc_margin,0.000000,0.000000,0.000000,0.000000,-9.818182,16.363636,19.083115,-12.283847,1
1.0,29.999999999999996,0.0,optimized_table,0.000000,0.000000,0.000000,0.000000,-9.818182,16.363636,19.083115,-13.718120,1
1.0,29.999999999999996,0.0,optimized_aggressive,0.000000,0.000000,0.000000,0.000000,-9.818182,16.363636,19.083115,-13.504789,1
2.0,-29.999999999999996,0.0,uniform,0.000000,0.000000,0.000000,0.000000,16.363636,11.454545,19.974364,-9.482140,1
2.0,-29.999999999999996,0.0,unit_cosine,0.000000,0.000000,0.000000,0.000000,16.363636,11.454545,19.974364,-7.887521,1
2.0,-29.999999999999996,0.0,unit_cosine_hamming,0.000000,0.000000,0.000000,0.000000,16.363636,-18.000000,24.326294,-7.941963,1
2.0,-29.999999999999996,0.0,optimized_dbc_margin,0.000000,0.000000,0.000000,0.000000,16.363636,11.454545,19.974364,-12.215101,1
2.0,-29.999999999999996,0.0,optimized_table,0.000000,0.000000,0.000000,0.000000,-14.727273,18.000000,23.257097,-13.742164,1
2.0,-29.999999999999996,0.0,optimized_aggressive,0.000000,0.000000,0.000000,0.000000,-16.363636,0.000000,16.363636,-13.791086,1
2.0,-25.0,0.0,uniform,0.000000,0.000000,0.000000,0.000000,16.363636,11.454545,19.974364,-9.512748,1
2.0,-25.0,0.0,unit_cosine,0.000000,0.000000,0.000000,0.000000,16.363636,11.454545,19.974364,-7.411408,1
2.0,-25.0,0.0,unit_cosine_hamming,0.000000,0.000000,0.000000,0.000000,16.363636,-18.000000,24.326294,-7.142658,1
2.0,-25.0,0.0,optimized_dbc_margin,0.000000,0.000000,0.000000,0.000000,-14.727273,-11.454545,18.657416,-12.022364,1
2.0,-25.0,0.0,optimized_table,0.000000,0.000000,0.000000,0.000000,-14.727273,-11.454545,18.657416,-12.003313,1
2.0,-25.0,0.0,optimized_aggressive,0.000000,0.000000,0.000000,0.000000,-14.727273,-11.454545,18.657416,-11.084531,1
2.0,-20.0,0.0,uniform,0.000000,0.000000,0.000000,0.000000,16.363636,11.454545,19.974364,-9.471952,1
2.0,-20.0,0.0,unit_cosine,0.000000,0.000000,0.000000,0.000000,16.363636,11.454545,19.974364,-7.370112,1
2.0,-20.0,0.0,unit_cosine_hamming,0.000000,0.000000,0.000000,0.000000,16.363636,-18.000000,24.326294,-6.468704,1
2.0,-20.0,0.0,optimized_dbc_margin,0.000000,0.000000,0.000000,0.000000,-14.727273,-11.454545,18.657416,-11.684531,1
2.0,-20.0,0.0,optimized_table,0.000000,0.000000,0.000000,0.000000,-14.727273,-11.454545,18.657416,-13.430526,1
2.0,-20.0,0.0,optimized_aggressive,0.000000,0.000000,0.000000,0.000000,-14.727273,-11.454545,18.657416,-13.915261,1
2.0,-14.999999999999998,0.0,uniform,0.000000,0.000000,0.000000,0.000000,16.363636,11.454545,19.974364,-9.646989,1
2.0,-14.999999999999998,0.0,unit_cosine,0.000000,0.000000,0.000000,0.000000,16.363636,11.454545,19.974364,-8.197852,1
2.0,-14.999999999999998,0.0,unit_cosine_hamming,0.000000,0.000000,0.000000,0.000000,8.181818,0.000000,8.181818,-6.597888,1
2.0,-14.999999999999998,0.0,optimized_dbc_margin,0.000000,0.000000,0.000000,0.000000,-14.727273,-11.454545,18.657416,-12.106716,1
2.0,-14.999999999999998,0.0,optimized_table,0.000000,0.000000,0.000000,0.000000,-14.727273,-11.454545,18.657416,-12.860607,1
2.0,-14.999999999999998,0.0,optimized_aggressive,0.000000,0.000000,0.000000,0.000000,-14.727273,-13.090909,19.704427,-12.531529,1
2.0,-10.0,0.0,uniform,0.000000,0.000000,0.000000,0.000000,16.363636,11.454545,19.974364,-9.784134,1
2.0,-10.0,0.0,unit_cosine,0.000000,0.000000,0.000000,0.000000,16.363636,11.454545,19.974364,-8.964511,1
2.0,-10.0,0.0,unit_cosine_hamming,0.000000,0.000000,0.000000,0.000000,8.181818,0.000000,8.181818,-7.126284,1
2.0,-10.0,0.0,optimized_dbc_margin,0.000000,0.000000,0.000000,0.000000,8.181818,-14.727273,16.847395,-12.160952,1
2.0,-10.0,0.0,optimized_table,0.000000,0.000000,0.000000,0.000000,-14.727273,-11.454545,18.657416,-12.908516,1
2.0,-10.0,0.0,optimized_aggressive,0.000000,0.000000,0.000000,0.000000,-14.727273,-13.090909,19.704427,-12.565260,1
2.0,-5.0,0.0,uniform,0.000000,0.000000,0.000000,0.000000,16.363636,11.454545,19.974364,-9.918945,1
2.0,-5.0,0.0,unit_cosine,0.000000,0.000000,0.000000,0.000000,16.363636,11.454545,19.974364,-9.714719,1
2.0,-5.0,0.0,unit_cosine_hamming,0.000000,0.000000,0.000000,0.000000,8.181818,0.000000,8.181818,-7.226422,1
2.0,-5.0,0.0,optimized_dbc_margin,0.000000,0.000000,0.000000,0.000000,8.181818,-14.727273,16.847395,-12.307767,1
2.0,-5.0,0.0,optimized_table,0.000000,0.000000,0.000000,0.000000,16.363636,-3.272727,16.687700,-12.457265,1
2.0,-5.0,0.0,optimized_aggressive,0.000000,0.000000,0.000000,0.000000,16.363636,-3.272727,16.687700,-12.457265,1
2.0,0.0,0.0,uniform,0.000000,0.000000,0.000000,0.000000,-16.363636,-11.454545,19.974364,-9.710139,1
2.0,0.0,0.0,unit_cosine,0.000000,0.000000,0.000000,0.000000,14.727273,11.454545,18.657416,-10.126629,1
2.0,0.0,0.0,unit_cosine_hamming,0.000000,0.000000,0.000000,0.000000,8.181818,0.000000,8.181818,-7.031600,1
2.0,0.0,0.0,optimized_dbc_margin,0.000000,0.000000,0.000000,0.000000,8.181818,-14.727273,16.847395,-11.772399,1
2.0,0.0,0.0,optimized_table,0.000000,0.000000,0.000000,0.000000,-16.363636,3.272727,16.687700,-12.804778,1
2.0,0.0,0.0,optimized_aggressive,0.000000,0.000000,0.000000,0.000000,-16.363636,3.272727,16.687700,-12.804778,1
2.0,5.0,0.0,uniform,0.000000,0.000000,0.000000,0.000000,-16.363636,-11.454545,19.974364,-9.638219,1
2.0,5.0,0.0,unit_cosine,0.000000,0.000000,0.000000,0.000000,-16.363636,-11.454545,19.974364,-9.613446,1
2.0,5.0,0.0,unit_cosine_hamming,0.000000,0.000000,0.000000,0.000000,-8.181818,0.000000,8.181818,-7.226422,1
2.0,5.0,0.0,optimized_dbc_margin,0.000000,0.000000,0.000000,0.000000,14.727273,11.454545,18.657416,-11.098782,1
2.0,5.0,0.0,optimized_table,0.000000,0.000000,0.000000,0.000000,14.727273,11.454545,18.657416,-12.444447,1
2.0,5.0,0.0,optimized_aggressive,0.000000,0.000000,0.000000,0.000000,-16.363636,3.272727,16.687700,-12.206391,1
2.0,10.0,0.0,uniform,0.000000,0.000000,0.000000,0.000000,-16.363636,-11.454545,19.974364,-9.750172,1
2.0,10.0,0.0,unit_cosine,0.000000,0.000000,0.000000,0.000000,-16.363636,-11.454545,19.974364,-9.007637,1
2.0,10.0,0.0,unit_cosine_hamming,0.000000,0.000000,0.000000,0.000000,-8.181818,0.000000,8.181818,-7.126284,1
2.0,10.0,0.0,optimized_dbc_margin,0.000000,0.000000,0.000000,0.000000,-8.181818,14.727273,16.847395,-12.815606,1
2.0,10.0,0.0,optimized_table,0.000000,0.000000,0.000000,0.000000,14.727273,-18.000000,23.257097,-13.093206,1
2.0,10.0,0.0,optimized_aggressive,0.000000,0.000000,0.000000,0.000000,14.727273,-14.727273,20.827509,-12.361466,1
2.0,14.999999999999998,0.0,uniform,0.000000,0.000000,0.000000,0.000000,-16.363636,-11.454545,19.974364,-9.697375,1
2.0,14.999999999999998,0.0,unit_cosine,0.000000,0.000000,0.000000,0.000000,-16.363636,-11.454545,19.974364,-8.256697,1
2.0,14.999999999999998,0.0,unit_cosine_hamming,0.000000,0.000000,0.000000,0.000000,-8.181818,0.000000,8.181818,-6.597888,1
2.0,14.999999999999998,0.0,optimized_dbc_margin,0.000000,0.000000,0.000000,0.000000,14.727273,11.454545,18.657416,-12.738297,1
2.0,14.999999999999998,0.0,optimized_table,0.000000,0.000000,0.000000,0.000000,14.727273,11.454545,18.657416,-14.119085,1
2.0,14.999999999999998,0.0,optimized_aggressive,0.000000,0.000000,0.000000,0.000000,14.727273,-13.090909,19.704427,-13.174812,1
2.0,20.0,0.0,uniform,0.000000,0.000000,0.000000,0.000000,-16.363636,-11.454545,19.974364,-9.752519,1
2.0,20.0,0.0,unit_cosine,0.000000,0.000000,0.000000,0.000000,-16.363636,-11.454545,19.974364,-7.624049,1
2.0,20.0,0.0,unit_cosine_hamming,0.000000,0.000000,0.000000,0.000000,-16.363636,18.000000,24.326294,-6.387570,1
2.0,20.0,0.0,optimized_dbc_margin,0.000000,0.000000,0.000000,0.000000,14.727273,11.454545,18.657416,-11.753400,1
2.0,20.0,0.0,optimized_table,0.000000,0.000000,0.000000,0.000000,14.727273,11.454545,18.657416,-12.922259,1
2.0,20.0,0.0,optimized_aggressive,0.000000,0.000000,0.000000,0.000000,14.727273,11.454545,18.657416,-13.347130,1
2.0,25.0,0.0,uniform,0.000000,0.000000,0.000000,0.000000,-16.363636,-11.454545,19.974364,-9.717195,1
2.0,25.0,0.0,unit_cosine,0.000000,0.000000,0.000000,0.000000,-16.363636,-11.454545,19.974364,-7.605364,1
2.0,25.0,0.0,unit_cosine_hamming,0.000000,0.000000,0.000000,0.000000,-16.363636,18.000000,24.326294,-6.950963,1
2.0,25.0,0.0,optimized_dbc_margin,0.000000,0.000000,0.000000,0.000000,14.727273,11.454545,18.657416,-11.947323,1
2.0,25.0,0.0,optimized_table,0.000000,0.000000,0.000000,0.000000,14.727273,11.454545,18.657416,-12.206608,1
2.0,25.0,0.0,optimized_aggressive,0.000000,0.000000,0.000000,0.000000,14.727273,11.454545,18.657416,-11.474551,1
2.0,29.999999999999996,0.0,uniform,0.000000,0.000000,0.000000,0.000000,-16.363636,-11.454545,19.974364,-9.291884,1
2.0,29.999999999999996,0.0,unit_cosine,0.000000,0.000000,0.000000,0.000000,-16.363636,-11.454545,19.974364,-7.457803,1
2.0,29.999999999999996,0.0,unit_cosine_hamming,0.000000,0.000000,0.000000,0.000000,-18.000000,18.000000,25.455844,-7.869932,1
2.0,29.999999999999996,0.0,optimized_dbc_margin,0.000000,0.000000,0.000000,0.000000,-16.363636,-11.454545,19.974364,-12.505500,1
2.0,29.999999999999996,0.0,optimized_table,0.000000,0.000000,0.000000,0.000000,14.727273,11.454545,18.657416,-12.793087,1
2.0,29.999999999999996,0.0,optimized_aggressive,0.000000,0.000000,0.000000,0.000000,14.727273,11.454545,18.657416,-12.761579,1
3.0,-29.999999999999996,0.0,uniform,0.000000,0.000000,0.000000,0.000000,16.363636,11.454545,19.974364,-10.046254,1
3.0,-29.999999999999996,0.0,unit_cosine,0.000000,0.000000,0.000000,0.000000,16.363636,11.454545,19.974364,-8.322900,1
3.0,-29.999999999999996,0.0,unit_cosine_hamming,0.000000,0.000000,0.000000,0.000000,16.363636,-18.000000,24.326294,-7.857137,1
3.0,-29.999999999999996,0.0,optimized_dbc_margin,0.000000,0.000000,0.000000,0.000000,16.363636,-3.272727,16.687700,-12.632362,1
3.0,-29.999999999999996,0.0,optimized_table,0.000000,0.000000,0.000000,0.000000,-16.363636,1.636364,16.445251,-14.167516,1
3.0,-29.999999999999996,0.0,optimized_aggressive,0.000000,0.000000,0.000000,0.000000,-16.363636,1.636364,16.445251,-13.945363,1
3.0,-25.0,0.0,uniform,0.000000,0.000000,0.000000,0.000000,16.363636,11.454545,19.974364,-10.147580,1
3.0,-25.0,0.0,unit_cosine,0.000000,0.000000,0.000000,0.000000,16.363636,11.454545,19.974364,-7.947694,1
3.0,-25.0,0.0,unit_cosine_hamming,0.000000,0.000000,0.000000,0.000000,16.363636,-18.000000,24.326294,-6.999223,1
3.0,-25.0,0.0,optimized_dbc_margin,0.000000,0.000000,0.000000,0.000000,-14.727273,-11.454545,18.657416,-12.472487,1
3.0,-25.0,0.0,optimized_table,0.000000,0.000000,0.000000,0.000000,-14.727273,-11.454545,18.657416,-12.971207,1
3.0,-25.0,0.0,optimized_aggressive,0.000000,0.000000,0.000000,0.000000,-14.727273,-11.454545,18.657416,-11.602746,1
3.0,-20.0,0.0,uniform,0.000000,0.000000,0.000000,0.000000,16.363636,11.454545,19.974364,-10.214382,1
3.0,-20.0,0.0,unit_cosine,0.000000,0.000000,0.000000,0.000000,16.363636,11.454545,19.974364,-7.957892,1
3.0,-20.0,0.0,unit_cosine_hamming,0.000000,0.000000,0.000000,0.000000,16.363636,-18.000000,24.326294,-6.377733,1
3.0,-20.0,0.0,optimized_dbc_margin,0.000000,0.000000,0.000000,0.000000,-14.727273,-11.454545,18.657416,-12.028156,1
3.0,-20.0,0.0,optimized_table,0.000000,0.000000,0.000000,0.000000,14.727273,9.818182,17.699979,-13.658186,1
3.0,-20.0,0.0,optimized_aggressive,0.000000,0.000000,0.000000,0.000000,14.727273,9.818182,17.699979,-13.866742,1
3.0,-14.999999999999998,0.0,uniform,0.000000,0.000000,0.000000,0.000000,-14.727273,-11.454545,18.657416,-9.562401,1
3.0,-14.999999999999998,0.0,unit_cosine,0.000000,0.000000,0.000000,0.000000,14.727273,11.454545,18.657416,-8.760961,1
3.0,-14.999999999999998,0.0,unit_cosine_hamming,0.000000,0.000000,0.000000,0.000000,8.181818,0.000000,8.181818,-7.010532,1
3.0,-14.999999999999998,0.0,optimized_dbc_margin,0.000000,0.000000,0.000000,0.000000,-14.727273,-11.454545,18.657416,-11.814833,1
3.0,-14.999999999999998,0.0,optimized_table,0.000000,0.000000,0.000000,0.000000,-14.727273,-11.454545,18.657416,-12.281782,1
3.0,-14.999999999999998,0.0,optimized_aggressive,0.000000,0.000000,0.000000,0.000000,-14.727273,-11.454545,18.657416,-12.032118,1
3.0,-10.0,0.0,uniform,0.000000,0.000000,0.000000,0.000000,-14.727273,-11.454545,18.657416,-9.318016,1
3.0,-10.0,0.0,unit_cosine,0.000000,0.000000,0.000000,0.000000,14.727273,11.454545,18.657416,-9.112087,1
3.0,-10.0,0.0,unit_cosine_hamming,0.000000,0.000000,0.000000,0.000000,8.181818,0.000000,8.181818,-7.616843,1
3.0,-10.0,0.0,optimized_dbc_margin,0.000000,0.000000,0.000000,0.000000,-14.727273,-11.454545,18.657416,-11.834460,1
3.0,-10.0,0.0,optimized_table,0.000000,0.000000,0.000000,0.000000,-14.727273,-11.454545,18.657416,-11.807509,1
3.0,-10.0,0.0,optimized_aggressive,0.000000,0.000000,0.000000,0.000000,-14.727273,-13.090909,19.704427,-11.894140,1
3.0,-5.0,0.0,uniform,0.000000,0.000000,0.000000,0.000000,-14.727273,-11.454545,18.657416,-9.481244,1
3.0,-5.0,0.0,unit_cosine,0.000000,0.000000,0.000000,0.000000,14.727273,11.454545,18.657416,-9.433531,1
3.0,-5.0,0.0,unit_cosine_hamming,0.000000,0.000000,0.000000,0.000000,8.181818,0.000000,8.181818,-7.836765,1
3.0,-5.0,0.0,optimized_dbc_margin,0.000000,0.000000,0.000000,0.000000,-14.727273,-11.454545,18.657416,-11.792795,1
3.0,-5.0,0.0,optimized_table,0.000000,0.000000,0.000000,0.000000,-14.727273,-11.454545,18.657416,-12.191167,1
3.0,-5.0,0.0,optimized_aggressive,0.000000,0.000000,0.000000,0.000000,-14.727273,11.454545,18.657416,-11.320582,1
3.0,0.0,0.0,uniform,0.000000,0.000000,0.000000,0.000000,14.727273,11.454545,18.657416,-9.164537,1
3.0,0.0,0.0,unit_cosine,0.000000,0.000000,0.000000,0.000000,14.727273,11.454545,18.657416,-9.531170,1
3.0,0.0,0.0,unit_cosine_hamming,0.000000,0.000000,0.000000,0.000000,-8.181818,0.000000,8.181818,-7.688509,1
3.0,0.0,0.0,optimized_dbc_margin,0.000000,0.000000,0.000000,0.000000,14.727273,11.454545,18.657416,-11.403847,1
3.0,0.0,0.0,optimized_table,0.000000,0.000000,0.000000,0.000000,14.727273,-18.000000,23.257097,-12.333428,1
3.0,0.0,0.0,optimized_aggressive,0.000000,0.000000,0.000000,0.000000,8.181818,-14.727273,16.847395,-12.522300,1
3.0,5.0,0.0,uniform,0.000000,0.000000,0.000000,0.000000,14.727273,11.454545,18.657416,-9.062644,1
3.0,5.0,0.0,unit_cosine,0.000000,0.000000,0.000000,0.000000,-14.727273,-11.454545,18.657416,-9.699772,1
3.0,5.0,0.0,unit_cosine_hamming,0.000000,0.000000,0.000000,0.000000,-8.181818,0.000000,8.181818,-7.836765,1
3.0,5.0,0.0,optimized_dbc_margin,0.000000,0.000000,0.000000,0.000000,14.727273,11.454545,18.657416,-11.715993,1
3.0,5.0,0.0,optimized_table,0.000000,0.000000,0.000000,0.000000,14.727273,11.454545,18.657416,-11.692545,1
3.0,5.0,0.0,optimized_aggressive,0.000000,0.000000,0.000000,0.000000,14.727273,11.454545,18.657416,-10.984946,1
3.0,10.0,0.0,uniform,0.000000,0.000000,0.000000,0.000000,14.727273,11.454545,18.657416,-9.635569,1
3.0,10.0,0.0,unit_cosine,0.000000,0.000000,0.000000,0.000000,-14.727273,-11.454545,18.657416,-9.183783,1
3.0,10.0,0.0,unit_cosine_hamming,0.000000,0.000000,0.000000,0.000000,-8.181818,0.000000,8.181818,-7.616843,1
3.0,10.0,0.0,optimized_dbc_margin,0.000000,0.000000,0.000000,0.000000,14.727273,11.454545,18.657416,-12.605002,1
3.0,10.0,0.0,optimized_table,0.000000,0.000000,0.000000,0.000000,14.727273,-18.000000,23.257097,-13.156169,1
3.0,10.0,0.0,optimized_aggressive,0.000000,0.000000,0.000000,0.000000,14.727273,-16.363636,22.015021,-13.135914,1
3.0,14.999999999999998,0.0,uniform,0.000000,0.000000,0.000000,0.000000,14.727273,11.454545,18.657416,-10.001227,1
3.0,14.999999999999998,0.0,unit_cosine,0.000000,0.000000,0.000000,0.000000,-14.727273,-11.454545,18.657416,-8.938691,1
3.0,14.999999999999998,0.0,unit_cosine_hamming,0.000000,0.000000,0.000000,0.000000,-8.181818,0.000000,8.181818,-7.010532,1
3.0,14.999999999999998,0.0,optimized_dbc_margin,0.000000,0.000000,0.000000,0.000000,14.727273,-13.090909,19.704427,-12.145391,1
3.0,14.999999999999998,0.0,optimized_table,0.000000,0.000000,0.000000,0.000000,-8.181818,14.727273,16.847395,-13.538532,1
3.0,14.999999999999998,0.0,optimized_aggressive,0.000000,0.000000,0.000000,0.000000,-8.181818,14.727273,16.847395,-13.299221,1
3.0,20.0,0.0,uniform,0.000000,0.000000,0.000000,0.000000,14.727273,11.454545,18.657416,-10.222469,1
3.0,20.0,0.0,unit_cosine,0.000000,0.000000,0.000000,0.000000,-16.363636,-11.454545,19.974364,-8.195390,1
3.0,20.0,0.0,unit_cosine_hamming,0.000000,0.000000,0.000000,0.000000,-16.363636,18.000000,24.326294,-6.304610,1
3.0,20.0,0.0,optimized_dbc_margin,0.000000,0.000000,0.000000,0.000000,14.727273,11.454545,18.657416,-11.907807,1
3.0,20.0,0.0,optimized_table,0.000000,0.000000,0.000000,0.000000,14.727273,11.454545,18.657416,-13.016567,1
3.0,20.0,0.0,optimized_aggressive,0.000000,0.000000,0.000000,0.000000,-14.727273,-11.454545,18.657416,-13.126387,1
3.0,25.0,0.0,uniform,0.000000,0.000000,0.000000,0.000000,-16.363636,-11.454545,19.974364,-10.425621,1
3.0,25.0,0.0,unit_cosine,0.000000,0.000000,0.000000,0.000000,-16.363636,-11.454545,19.974364,-8.194972,1
3.0,25.0,0.0,unit_cosine_hamming,0.000000,0.000000,0.000000,0.000000,-16.363636,18.000000,24.326294,-6.732489,1
3.0,25.0,0.0,optimized_dbc_margin,0.000000,0.000000,0.000000,0.000000,14.727273,11.454545,18.657416,-12.144786,1
3.0,25.0,0.0,optimized_table,0.000000,0.000000,0.000000,0.000000,14.727273,11.454545,18.657416,-12.593962,1
3.0,25.0,0.0,optimized_aggressive,0.000000,0.000000,0.000000,0.000000,14.727273,11.454545,18.657416,-12.112240,1
3.0,29.999999999999996,0.0,uniform,0.000000,0.000000,0.000000,0.000000,-16.363636,-11.454545,19.974364,-9.807666,1
3.0,29.999999999999996,0.0,unit_cosine,0.000000,0.000000,0.000000,0.000000,-16.363636,-11.454545,19.974364,-7.791571,1
3.0,29.999999999999996,0.0,unit_cosine_hamming,0.000000,0.000000,0.000000,0.000000,-16.363636,18.000000,24.326294,-7.933238,1
3.0,29.999999999999996,0.0,optimized_dbc_margin,0.000000,0.000000,0.000000,0.000000,14.727273,11.454545,18.657416,-13.138589,1
3.0,29.999999999999996,0.0,optimized_table,0.000000,0.000000,0.000000,0.000000,14.727273,11.454545,18.657416,-13.134897,1
3.0,29.999999999999996,0.0,optimized_aggressive,0.000000,0.000000,0.000000,0.000000,14.727273,11.454545,18.657416,-12.507827,1
5.0,-29.999999999999996,0.0,uniform,0.000000,0.000000,0.000000,0.000000,14.727273,11.454545,18.657416,-10.409379,1
5.0,-29.999999999999996,0.0,unit_cosine,0.000000,0.000000,0.000000,0.000000,14.727273,11.454545,18.657416,-8.697651,1
5.0,-29.999999999999996,0.0,unit_cosine_hamming,0.000000,0.000000,0.000000,0.000000,16.363636,-18.000000,24.326294,-8.052636,1
5.0,-29.999999999999996,0.0,optimized_dbc_margin,0.000000,0.000000,0.000000,0.000000,-13.090909,-11.454545,17.394784,-12.940956,1
5.0,-29.999999999999996,0.0,optimized_table,0.000000,0.000000,0.000000,0.000000,14.727273,11.454545,18.657416,-13.934105,1
5.0,-29.999999999999996,0.0,optimized_aggressive,0.000000,0.000000,0.000000,0.000000,14.727273,11.454545,18.657416,-14.315662,1
5.0,-25.0,0.0,uniform,0.000000,0.000000,0.000000,0.000000,14.727273,11.454545,18.657416,-10.734502,1
5.0,-25.0,0.0,unit_cosine,0.000000,0.000000,0.000000,0.000000,16.363636,11.454545,19.974364,-8.752607,1
5.0,-25.0,0.0,unit_cosine_hamming,0.000000,0.000000,0.000000,0.000000,16.363636,-18.000000,24.326294,-7.148768,1
5.0,-25.0,0.0,optimized_dbc_margin,0.000000,0.000000,0.000000,0.000000,8.181818,-14.727273,16.847395,-12.815187,1
5.0,-25.0,0.0,optimized_table,0.000000,0.000000,0.000000,0.000000,14.727273,9.818182,17.699979,-12.987308,1
5.0,-25.0,0.0,optimized_aggressive,0.000000,0.000000,0.000000,0.000000,14.727273,9.818182,17.699979,-13.136365,1
5.0,-20.0,0.0,uniform,0.000000,0.000000,0.000000,0.000000,14.727273,11.454545,18.657416,-10.077294,1
5.0,-20.0,0.0,unit_cosine,0.000000,0.000000,0.000000,0.000000,14.727273,11.454545,18.657416,-8.083693,1
5.0,-20.0,0.0,unit_cosine_hamming,0.000000,0.000000,0.000000,0.000000,16.363636,-18.000000,24.326294,-6.669386,1
5.0,-20.0,0.0,optimized_dbc_margin,0.000000,0.000000,0.000000,0.000000,8.181818,-14.727273,16.847395,-12.124656,1
5.0,-20.0,0.0,optimized_table,0.000000,0.000000,0.000000,0.000000,8.181818,-14.727273,16.847395,-13.937268,1
5.0,-20.0,0.0,optimized_aggressive,0.000000,0.000000,0.000000,0.000000,-9.818182,-1.636364,9.953611,-13.235604,1
5.0,-14.999999999999998,0.0,uniform,0.000000,0.000000,0.000000,0.000000,-14.727273,-11.454545,18.657416,-9.561997,1
5.0,-14.999999999999998,0.0,unit_cosine,0.000000,0.000000,0.000000,0.000000,14.727273,11.454545,18.657416,-8.217203,1
5.0,-14.999999999999998,0.0,unit_cosine_hamming,0.000000,0.000000,0.000000,0.000000,8.181818,0.000000,8.181818,-7.426539,1
5.0,-14.999999999999998,0.0,optimized_dbc_margin,0.000000,0.000000,0.000000,0.000000,-14.727273,-11.454545,18.657416,-11.823594,1
5.0,-14.999999999999998,0.0,optimized_table,0.000000,0.000000,0.000000,0.000000,-14.727273,-11.454545,18.657416,-12.223446,1
5.0,-14.999999999999998,0.0,optimized_aggressive,0.000000,0.000000,0.000000,0.000000,-14.727273,-11.454545,18.657416,-11.928468,1
5.0,-10.0,0.0,uniform,0.000000,0.000000,0.000000,0.000000,-14.727273,-11.454545,18.657416,-9.251666,1
5.0,-10.0,0.0,unit_cosine,0.000000,0.000000,0.000000,0.000000,14.727273,11.454545,18.657416,-8.723831,1
5.0,-10.0,0.0,unit_cosine_hamming,0.000000,0.000000,0.000000,0.000000,8.181818,0.000000,8.181818,-8.044725,1
5.0,-10.0,0.0,optimized_dbc_margin,0.000000,0.000000,0.000000,0.000000,8.181818,-14.727273,16.847395,-11.837682,1
5.0,-10.0,0.0,optimized_table,0.000000,0.000000,0.000000,0.000000,-14.727273,-11.454545,18.657416,-12.497213,1
5.0,-10.0,0.0,optimized_aggressive,0.000000,0.000000,0.000000,0.000000,-14.727273,-11.454545,18.657416,-12.037669,1
5.0,-5.0,0.0,uniform,0.000000,0.000000,0.000000,0.000000,-14.727273,-11.454545,18.657416,-9.341371,1
5.0,-5.0,0.0,unit_cosine,0.000000,0.000000,0.000000,0.000000,14.727273,11.454545,18.657416,-9.162023,1
5.0,-5.0,0.0,unit_cosine_hamming,0.000000,0.000000,0.000000,0.000000,8.181818,0.000000,8.181818,-8.455860,1
5.0,-5.0,0.0,optimized_dbc_margin,0.000000,0.000000,0.000000,0.000000,14.727273,11.454545,18.657416,-11.525589,1
5.0,-5.0,0.0,optimized_table,0.000000,0.000000,0.000000,0.000000,14.727273,11.454545,18.657416,-12.926363,1
5.0,-5.0,0.0,optimized_aggressive,0.000000,0.000000,0.000000,0.000000,-14.727273,11.454545,18.657416,-11.607127,1
5.0,0.0,0.0,uniform,0.000000,0.000000,0.000000,0.000000,14.727273,11.454545,18.657416,-9.055956,1
5.0,0.0,0.0,unit_cosine,0.000000,0.000000,0.000000,0.000000,14.727273,11.454545,18.657416,-9.435421,1
5.0,0.0,0.0,unit_cosine_hamming,0.000000,0.000000,0.000000,0.000000,8.181818,0.000000,8.181818,-8.340409,1
5.0,0.0,0.0,optimized_dbc_margin,0.000000,0.000000,0.000000,0.000000,14.727273,11.454545,18.657416,-10.721650,1
5.0,0.0,0.0,optimized_table,0.000000,0.000000,0.000000,0.000000,14.727273,11.454545,18.657416,-11.546057,1
5.0,0.0,0.0,optimized_aggressive,0.000000,0.000000,0.000000,0.000000,14.727273,11.454545,18.657416,-11.546057,1
5.0,5.0,0.0,uniform,0.000000,0.000000,0.000000,0.000000,14.727273,11.454545,18.657416,-8.882827,1
5.0,5.0,0.0,unit_cosine,0.000000,0.000000,0.000000,0.000000,-14.727273,-11.454545,18.657416,-9.318441,1
5.0,5.0,0.0,unit_cosine_hamming,0.000000,0.000000,0.000000,0.000000,-14.727273,18.000000,23.257097,-8.359579,1
5.0,5.0,0.0,optimized_dbc_margin,0.000000,0.000000,0.000000,0.000000,-14.727273,-11.454545,18.657416,-11.246243,1
5.0,5.0,0.0,optimized_table,0.000000,0.000000,0.000000,0.000000,14.727273,11.454545,18.657416,-11.933944,1
5.0,5.0,0.0,optimized_aggressive,0.000000,0.000000,0.000000,0.000000,14.727273,11.454545,18.657416,-11.642497,1
5.0,10.0,0.0,uniform,0.000000,0.000000,0.000000,0.000000,14.727273,11.454545,18.657416,-9.529098,1
5.0,10.0,0.0,unit_cosine,0.000000,0.000000,0.000000,0.000000,-14.727273,-11.454545,18.657416,-8.686278,1
5.0,10.0,0.0,unit_cosine_hamming,0.000000,0.000000,0.000000,0.000000,-8.181818,0.000000,8.181818,-8.044725,1
5.0,10.0,0.0,optimized_dbc_margin,0.000000,0.000000,0.000000,0.000000,14.727273,11.454545,18.657416,-11.953670,1
5.0,10.0,0.0,optimized_table,0.000000,0.000000,0.000000,0.000000,14.727273,11.454545,18.657416,-12.986088,1
5.0,10.0,0.0,optimized_aggressive,0.000000,0.000000,0.000000,0.000000,14.727273,9.818182,17.699979,-12.007157,1
5.0,14.999999999999998,0.0,uniform,0.000000,0.000000,0.000000,0.000000,-14.727273,-11.454545,18.657416,-9.841961,1
5.0,14.999999999999998,0.0,unit_cosine,0.000000,0.000000,0.000000,0.000000,-14.727273,-11.454545,18.657416,-8.376675,1
5.0,14.999999999999998,0.0,unit_cosine_hamming,0.000000,0.000000,0.000000,0.000000,-8.181818,0.000000,8.181818,-7.426539,1
5.0,14.999999999999998,0.0,optimized_dbc_margin,0.000000,0.000000,0.000000,0.000000,14.727273,11.454545,18.657416,-11.814168,1
5.0,14.999999999999998,0.0,optimized_table,0.000000,0.000000,0.000000,0.000000,14.727273,11.454545,18.657416,-13.580962,1
5.0,14.999999999999998,0.0,optimized_aggressive,0.000000,0.000000,0.000000,0.000000,-8.181818,-18.000000,19.772257,-13.453270,1
5.0,20.0,0.0,uniform,0.000000,0.000000,0.000000,0.000000,-14.727273,-11.454545,18.657416,-10.047203,1
5.0,20.0,0.0,unit_cosine,0.000000,0.000000,0.000000,0.000000,-14.727273,-11.454545,18.657416,-8.133307,1
5.0,20.0,0.0,unit_cosine_hamming,0.000000,0.000000,0.000000,0.000000,-16.363636,18.000000,24.326294,-6.618473,1
5.0,20.0,0.0,optimized_dbc_margin,0.000000,0.000000,0.000000,0.000000,-14.727273,-11.454545,18.657416,-12.024553,1
5.0,20.0,0.0,optimized_table,0.000000,0.000000,0.000000,0.000000,-14.727273,-11.454545,18.657416,-13.101521,1
5.0,20.0,0.0,optimized_aggressive,0.000000,0.000000,0.000000,0.000000,-14.727273,-11.454545,18.657416,-13.225607,1
5.0,25.0,0.0,uniform,0.000000,0.000000,0.000000,0.000000,-14.727273,-11.454545,18.657416,-10.483768,1
5.0,25.0,0.0,unit_cosine,0.000000,0.000000,0.000000,0.000000,-14.727273,-11.454545,18.657416,-8.594135,1
5.0,25.0,0.0,unit_cosine_hamming,0.000000,0.000000,0.000000,0.000000,-16.363636,18.000000,24.326294,-6.853485,1
5.0,25.0,0.0,optimized_dbc_margin,0.000000,0.000000,0.000000,0.000000,-14.727273,-9.818182,17.699979,-12.918353,1
5.0,25.0,0.0,optimized_table,0.000000,0.000000,0.000000,0.000000,14.727273,11.454545,18.657416,-12.856218,1
5.0,25.0,0.0,optimized_aggressive,0.000000,0.000000,0.000000,0.000000,-14.727273,-11.454545,18.657416,-12.772617,1
5.0,29.999999999999996,0.0,uniform,0.000000,0.000000,0.000000,0.000000,-16.363636,-11.454545,19.974364,-10.687394,1
5.0,29.999999999999996,0.0,unit_cosine,0.000000,0.000000,0.000000,0.000000,-16.363636,-11.454545,19.974364,-8.424578,1
5.0,29.999999999999996,0.0,unit_cosine_hamming,0.000000,0.000000,0.000000,0.000000,-16.363636,18.000000,24.326294,-7.963972,1
5.0,29.999999999999996,0.0,optimized_dbc_margin,0.000000,0.000000,0.000000,0.000000,14.727273,11.454545,18.657416,-12.845986,1
5.0,29.999999999999996,0.0,optimized_table,0.000000,0.000000,0.000000,0.000000,-16.363636,18.000000,24.326294,-13.614152,1
5.0,29.999999999999996,0.0,optimized_aggressive,0.000000,0.000000,0.000000,0.000000,14.727273,11.454545,18.657416,-12.491455,1
